timestamp,value
2026-04-25T00:00:00+00:00,2017236.804
2026-04-25T01:00:00+00:00,2018817.797
2026-04-25T02:00:00+00:00,2018083.181
2026-04-25T03:00:00+00:00,2018666.757
2026-04-25T04:00:00+00:00,2018536.877
2026-04-25T05:00:00+00:00,2017480.636
2026-04-25T06:00:00+00:00,2018455.167
2026-04-25T07:00:00+00:00,2015745.347
2026-04-25T08:00:00+00:00,2019130.011
2026-04-25T09:00:00+00:00,2022527.097
2026-04-25T10:00:00+00:00,2026933.145
2026-04-25T11:00:00+00:00,2026678.954
2026-04-25T12:00:00+00:00,2026457.114
2026-04-25T13:00:00+00:00,2025656.822
2026-04-25T14:00:00+00:00,2028234.131
2026-04-25T15:00:00+00:00,2034732.923
2026-04-25T16:00:00+00:00,2042715.693
2026-04-25T17:00:00+00:00,2046522.425
2026-04-25T18:00:00+00:00,2043793.469
2026-04-25T19:00:00+00:00,2041097.706
2026-04-25T20:00:00+00:00,2044882.713
2026-04-25T21:00:00+00:00,2047734.965
2026-04-25T22:00:00+00:00,2047248.378
2026-04-25T23:00:00+00:00,2045954.534
2026-04-26T00:00:00+00:00,2042790.427
2026-04-26T01:00:00+00:00,2046780.242
2026-04-26T02:00:00+00:00,2048285.464
2026-04-26T03:00:00+00:00,2052580.901
2026-04-26T04:00:00+00:00,2056904.968
2026-04-26T05:00:00+00:00,2077379.719
2026-04-26T06:00:00+00:00,2071516.438
2026-04-26T07:00:00+00:00,2071883.719
2026-04-26T08:00:00+00:00,2075412.257
2026-04-26T09:00:00+00:00,2073731.338
2026-04-26T10:00:00+00:00,2074263.159
2026-04-26T11:00:00+00:00,2078974.512
2026-04-26T12:00:00+00:00,2072151.826
2026-04-26T13:00:00+00:00,2082012.446
2026-04-26T14:00:00+00:00,2095450.258
2026-04-26T15:00:00+00:00,2099179.239
2026-04-26T16:00:00+00:00,2094272.199
2026-04-26T17:00:00+00:00,2092608.031
2026-04-26T18:00:00+00:00,2084448.427
2026-04-26T19:00:00+00:00,2078700.518
2026-04-26T20:00:00+00:00,2067227.194
2026-04-26T21:00:00+00:00,2073827.342
2026-04-26T22:00:00+00:00,2071641.565
2026-04-26T23:00:00+00:00,2061781.736
2026-04-27T00:00:00+00:00,2050323.869
2026-04-27T01:00:00+00:00,2057132.519
2026-04-27T02:00:00+00:00,2065227.05
2026-04-27T03:00:00+00:00,2070964.689
2026-04-27T04:00:00+00:00,2068792.224
2026-04-27T05:00:00+00:00,2026447.6
2026-04-27T06:00:00+00:00,2021475.479
2026-04-27T07:00:00+00:00,2029501.363
2026-04-27T08:00:00+00:00,2030427.466
2026-04-27T09:00:00+00:00,2035301.297
2026-04-27T10:00:00+00:00,2036290.414
2026-04-27T11:00:00+00:00,2037629.745
2026-04-27T12:00:00+00:00,2039273.293
2026-04-27T13:00:00+00:00,2037632.063
2026-04-27T14:00:00+00:00,2023253.204
2026-04-27T15:00:00+00:00,2009324.693
2026-04-27T16:00:00+00:00,2015187.023
2026-04-27T17:00:00+00:00,2019765.907
2026-04-27T18:00:00+00:00,2023036.655
2026-04-27T19:00:00+00:00,2021592.06
2026-04-27T20:00:00+00:00,2019067.571
2026-04-27T21:00:00+00:00,2018057.679
2026-04-27T22:00:00+00:00,2019612.792
2026-04-27T23:00:00+00:00,2020008.737
2026-04-28T00:00:00+00:00,2031193.948
2026-04-28T01:00:00+00:00,2030656.964
2026-04-28T02:00:00+00:00,2021502.959
2026-04-28T03:00:00+00:00,2021679.38
2026-04-28T04:00:00+00:00,2029601.402
2026-04-28T05:00:00+00:00,2038318.944
2026-04-28T06:00:00+00:00,2053561.007
2026-04-28T07:00:00+00:00,2051156.826
2026-04-28T08:00:00+00:00,2047141.285
2026-04-28T09:00:00+00:00,2037154.62
2026-04-28T10:00:00+00:00,2020628.789
2026-04-28T11:00:00+00:00,2024757.981
2026-04-28T12:00:00+00:00,2024436.07
2026-04-28T13:00:00+00:00,2023590.339
2026-04-28T14:00:00+00:00,2027828.034
2026-04-28T15:00:00+00:00,2029130.098
2026-04-28T16:00:00+00:00,2023878.722
2026-04-28T17:00:00+00:00,2022527.642
2026-04-28T18:00:00+00:00,2014892.893
2026-04-28T19:00:00+00:00,1999010.473
2026-04-28T20:00:00+00:00,1988810.48
2026-04-28T21:00:00+00:00,1974614.114
2026-04-28T22:00:00+00:00,1975970.809
2026-04-28T23:00:00+00:00,1974743.858
2026-04-29T00:00:00+00:00,1975357.537
2026-04-29T01:00:00+00:00,1976647.727
2026-04-29T02:00:00+00:00,1969258.292
2026-04-29T03:00:00+00:00,1977667.895
2026-04-29T04:00:00+00:00,1968132.58
2026-04-29T05:00:00+00:00,1972190.164
2026-04-29T06:00:00+00:00,2001640.858
2026-04-29T07:00:00+00:00,2002117.387
2026-04-29T08:00:00+00:00,1998101.01
2026-04-29T09:00:00+00:00,1996073.792
2026-04-29T10:00:00+00:00,1999649.304
2026-04-29T11:00:00+00:00,2001230.659
2026-04-29T12:00:00+00:00,1979688.566
2026-04-29T13:00:00+00:00,1975698.214
2026-04-29T14:00:00+00:00,1978180.015
2026-04-29T15:00:00+00:00,1980420.697
2026-04-29T16:00:00+00:00,1988662.433
2026-04-29T17:00:00+00:00,1990379.256
2026-04-29T18:00:00+00:00,2018199.5
2026-04-29T19:00:00+00:00,2038436.373
2026-04-29T20:00:00+00:00,2021014.808
2026-04-29T21:00:00+00:00,2003125.628
2026-04-29T22:00:00+00:00,2008611.375
2026-04-29T23:00:00+00:00,2010916.427
2026-04-30T00:00:00+00:00,2009648.032
2026-04-30T01:00:00+00:00,2007143.174
2026-04-30T02:00:00+00:00,2001529.99
2026-04-30T03:00:00+00:00,2001582.526
2026-04-30T04:00:00+00:00,2014890.638
2026-04-30T05:00:00+00:00,2020425.029
2026-04-30T06:00:00+00:00,2016758.152
2026-04-30T07:00:00+00:00,2009652.196
2026-04-30T08:00:00+00:00,2016215.626
2026-04-30T09:00:00+00:00,2007525.29
2026-04-30T10:00:00+00:00,2004720.605
2026-04-30T11:00:00+00:00,2012270.065
2026-04-30T12:00:00+00:00,2010668.828
2026-04-30T13:00:00+00:00,2017440.513
2026-04-30T14:00:00+00:00,2014752.785
2026-04-30T15:00:00+00:00,2018341.822
2026-04-30T16:00:00+00:00,2014260.222
2026-04-30T17:00:00+00:00,2012329.238
2026-04-30T18:00:00+00:00,2009886.92
2026-04-30T19:00:00+00:00,2010181.772
2026-04-30T20:00:00+00:00,2008859.184
2026-04-30T21:00:00+00:00,2002151.17
2026-04-30T22:00:00+00:00,2002035.319
2026-04-30T23:00:00+00:00,2002465.242
2026-05-01T00:00:00+00:00,2000642.007
2026-05-01T01:00:00+00:00,2004199.806
2026-05-01T02:00:00+00:00,2007710.427
2026-05-01T03:00:00+00:00,1989431.588
2026-05-01T04:00:00+00:00,1992940.002
2026-05-01T05:00:00+00:00,1996427.287
2026-05-01T06:00:00+00:00,2001953.31
2026-05-01T07:00:00+00:00,2003036.138
2026-05-01T08:00:00+00:00,2001194.678
2026-05-01T09:00:00+00:00,2002573.348
2026-05-01T10:00:00+00:00,2001156.399
2026-05-01T11:00:00+00:00,2004271.038
2026-05-01T12:00:00+00:00,1983457.566
2026-05-01T13:00:00+00:00,1983058.688
2026-05-01T14:00:00+00:00,1994292.684
2026-05-01T15:00:00+00:00,1997122.44
2026-05-01T16:00:00+00:00,1991147.467
2026-05-01T17:00:00+00:00,1986156.254
2026-05-01T18:00:00+00:00,1986441.765
2026-05-01T19:00:00+00:00,1987392.272
2026-05-01T20:00:00+00:00,1960015.406
2026-05-01T21:00:00+00:00,1949921.239
2026-05-01T22:00:00+00:00,1949494.095
2026-05-01T23:00:00+00:00,1948190.248
2026-05-02T00:00:00+00:00,1948874.126
2026-05-02T01:00:00+00:00,1948423.124
2026-05-02T02:00:00+00:00,1946045.476
2026-05-02T03:00:00+00:00,1948213.156
2026-05-02T04:00:00+00:00,1950420.499
2026-05-02T05:00:00+00:00,1950730.365
2026-05-02T06:00:00+00:00,1952231.53
2026-05-02T07:00:00+00:00,1952935.452
2026-05-02T08:00:00+00:00,1954454.064
2026-05-02T09:00:00+00:00,1956564.772
2026-05-02T10:00:00+00:00,1952121.135
2026-05-02T11:00:00+00:00,1952841.152
2026-05-02T12:00:00+00:00,1951985.558
2026-05-02T13:00:00+00:00,1965691.042
2026-05-02T14:00:00+00:00,1965379.368
2026-05-02T15:00:00+00:00,1965868.049
2026-05-02T16:00:00+00:00,1968531.641
2026-05-02T17:00:00+00:00,1968590.845
2026-05-02T18:00:00+00:00,1968872.68
2026-05-02T19:00:00+00:00,1971233.899
2026-05-02T20:00:00+00:00,1971224.58
2026-05-02T21:00:00+00:00,1970154.988
2026-05-02T22:00:00+00:00,1974096.425
2026-05-02T23:00:00+00:00,1971509.167
2026-05-03T00:00:00+00:00,1978079.882
2026-05-03T01:00:00+00:00,1974943.235
2026-05-03T02:00:00+00:00,1975478.371
2026-05-03T03:00:00+00:00,1978894.535
2026-05-03T04:00:00+00:00,1979273.254
2026-05-03T05:00:00+00:00,1980501.502
2026-05-03T06:00:00+00:00,1983223.469
2026-05-03T07:00:00+00:00,1986892.385
2026-05-03T08:00:00+00:00,1988682.851
2026-05-03T09:00:00+00:00,2019675.77
2026-05-03T10:00:00+00:00,2019765.568
2026-05-03T11:00:00+00:00,2039342.06
2026-05-03T12:00:00+00:00,2051238.339
2026-05-03T13:00:00+00:00,2051976.156
2026-05-03T14:00:00+00:00,2054249.638
2026-05-03T15:00:00+00:00,2059083.247
2026-05-03T16:00:00+00:00,2066460.531
2026-05-03T17:00:00+00:00,2069421.392
2026-05-03T18:00:00+00:00,2070395.092
2026-05-03T19:00:00+00:00,2072061.987
2026-05-03T20:00:00+00:00,2077547.241
2026-05-03T21:00:00+00:00,2065381.204
2026-05-03T22:00:00+00:00,2090400.621
2026-05-03T23:00:00+00:00,2081038.779
2026-05-04T00:00:00+00:00,2061292.305
2026-05-04T01:00:00+00:00,2076875.043
2026-05-04T02:00:00+00:00,2138696.228
2026-05-04T03:00:00+00:00,2173754.54
2026-05-04T04:00:00+00:00,2195845.348
2026-05-04T05:00:00+00:00,2213859
2026-05-04T06:00:00+00:00,2195248.678
2026-05-04T07:00:00+00:00,2195162.124
2026-05-04T08:00:00+00:00,2201924.041
2026-05-04T09:00:00+00:00,2198150.119
2026-05-04T10:00:00+00:00,2135873.3
2026-05-04T11:00:00+00:00,2133464.425
2026-05-04T12:00:00+00:00,2131693.026
2026-05-04T13:00:00+00:00,2133772.586
2026-05-04T14:00:00+00:00,2128334.41
2026-05-04T15:00:00+00:00,2115651.468
2026-05-04T16:00:00+00:00,2114356.99
2026-05-04T17:00:00+00:00,2098613.461
2026-05-04T18:00:00+00:00,2090493.056
2026-05-04T19:00:00+00:00,2087502.196
2026-05-04T20:00:00+00:00,2082199.286
2026-05-04T21:00:00+00:00,2079699.227
2026-05-04T22:00:00+00:00,2080945.938
2026-05-04T23:00:00+00:00,2080027.569
2026-05-05T00:00:00+00:00,2081236.853
2026-05-05T01:00:00+00:00,2082623.616
2026-05-05T02:00:00+00:00,2089011.813
2026-05-05T03:00:00+00:00,2103381.107
2026-05-05T04:00:00+00:00,2115792.32
2026-05-05T05:00:00+00:00,2131293.322
2026-05-05T06:00:00+00:00,2116342.367
2026-05-05T07:00:00+00:00,2123453.74
2026-05-05T08:00:00+00:00,2118334.681
2026-05-05T09:00:00+00:00,2116967.074
2026-05-05T10:00:00+00:00,2123008.417
2026-05-05T11:00:00+00:00,2128626.337
2026-05-05T12:00:00+00:00,2144687.312
2026-05-05T13:00:00+00:00,2157790.896
2026-05-05T14:00:00+00:00,2120820.371
2026-05-05T15:00:00+00:00,2120679.41
2026-05-05T16:00:00+00:00,2114514.586
2026-05-05T17:00:00+00:00,2114338.851
2026-05-05T18:00:00+00:00,2101012.502
2026-05-05T19:00:00+00:00,2093920.736
2026-05-05T20:00:00+00:00,2104869.693
2026-05-05T21:00:00+00:00,2094767.438
2026-05-05T22:00:00+00:00,2070186.22
2026-05-05T23:00:00+00:00,2073524.638
2026-05-06T00:00:00+00:00,2074793.875
2026-05-06T01:00:00+00:00,2075884.624
2026-05-06T02:00:00+00:00,2075078.517
2026-05-06T03:00:00+00:00,2070130.441
2026-05-06T04:00:00+00:00,2059331.391
2026-05-06T05:00:00+00:00,2056313.002
2026-05-06T06:00:00+00:00,2054451.482
2026-05-06T07:00:00+00:00,2052367.749
2026-05-06T08:00:00+00:00,2074857.278
2026-05-06T09:00:00+00:00,2222321.177
2026-05-06T10:00:00+00:00,2262900.86
2026-05-06T11:00:00+00:00,2325320.261
2026-05-06T12:00:00+00:00,2315151.272
2026-05-06T13:00:00+00:00,2280606.298
2026-05-06T14:00:00+00:00,2261372.443
2026-05-06T15:00:00+00:00,2265432.369
2026-05-06T16:00:00+00:00,2247250.551
2026-05-06T17:00:00+00:00,2236777.379
2026-05-06T18:00:00+00:00,2219965.373
2026-05-06T19:00:00+00:00,2228878.777
2026-05-06T20:00:00+00:00,2215496.715
2026-05-06T21:00:00+00:00,2206112.886
2026-05-06T22:00:00+00:00,2212914.469
2026-05-06T23:00:00+00:00,2197819.381
2026-05-07T00:00:00+00:00,2205217.055
2026-05-07T01:00:00+00:00,2246921.947
2026-05-07T02:00:00+00:00,2290440.988
2026-05-07T03:00:00+00:00,2301308.706
2026-05-07T04:00:00+00:00,2308757.229
2026-05-07T05:00:00+00:00,2298663.365
2026-05-07T06:00:00+00:00,2290768.624
2026-05-07T07:00:00+00:00,2297490.377
2026-05-07T08:00:00+00:00,2300281.97
2026-05-07T09:00:00+00:00,2310173.794
2026-05-07T10:00:00+00:00,2315560.926
2026-05-07T11:00:00+00:00,2316670.923
2026-05-07T12:00:00+00:00,2324151.052
2026-05-07T13:00:00+00:00,2334793.213
2026-05-07T14:00:00+00:00,2327841.833
2026-05-07T15:00:00+00:00,2336481.442
2026-05-07T16:00:00+00:00,2337092.466
2026-05-07T17:00:00+00:00,2329052.406
2026-05-07T18:00:00+00:00,2333261.044
2026-05-07T19:00:00+00:00,2331176.539
2026-05-07T20:00:00+00:00,2314495.222
2026-05-07T21:00:00+00:00,2308088.566
2026-05-07T22:00:00+00:00,2296614.449
2026-05-07T23:00:00+00:00,2296698.109
2026-05-08T00:00:00+00:00,2303198.776
2026-05-08T01:00:00+00:00,2308266.929
2026-05-08T02:00:00+00:00,2316745.553
2026-05-08T03:00:00+00:00,2308670.267
2026-05-08T04:00:00+00:00,2312433.181
2026-05-08T05:00:00+00:00,2312676.007
2026-05-08T06:00:00+00:00,2301236.186
2026-05-08T07:00:00+00:00,2306220.104
2026-05-08T08:00:00+00:00,2304308.503
2026-05-08T09:00:00+00:00,2301622.524
2026-05-08T10:00:00+00:00,2300231.753
2026-05-08T11:00:00+00:00,2302573.739
2026-05-08T12:00:00+00:00,2292674.889
2026-05-08T13:00:00+00:00,2298789.232
2026-05-08T14:00:00+00:00,2301141.445
2026-05-08T15:00:00+00:00,2300324.419
2026-05-08T16:00:00+00:00,2290924.027
2026-05-08T17:00:00+00:00,2253439.67
2026-05-08T18:00:00+00:00,2255569.865
2026-05-08T19:00:00+00:00,2249635.075
2026-05-08T20:00:00+00:00,2236588.793
2026-05-08T21:00:00+00:00,2239559.936
2026-05-08T22:00:00+00:00,2237454.842
2026-05-08T23:00:00+00:00,2240289.024
2026-05-09T00:00:00+00:00,2243194.316
2026-05-09T01:00:00+00:00,2242957.21
2026-05-09T02:00:00+00:00,2245981.474
2026-05-09T03:00:00+00:00,2246459.639
2026-05-09T04:00:00+00:00,2246126.445
2026-05-09T05:00:00+00:00,2249293.074
2026-05-09T06:00:00+00:00,2252814.543
2026-05-09T07:00:00+00:00,2252762.481
2026-05-09T08:00:00+00:00,2246078.623
2026-05-09T09:00:00+00:00,2248906.636
2026-05-09T10:00:00+00:00,2252428.212
2026-05-09T11:00:00+00:00,2259468.024
2026-05-09T12:00:00+00:00,2259121.128
2026-05-09T13:00:00+00:00,2262088.146
2026-05-09T14:00:00+00:00,2255452.755
2026-05-09T15:00:00+00:00,2223845.245
2026-05-09T16:00:00+00:00,2201009.23
2026-05-09T17:00:00+00:00,2190808.53
2026-05-09T18:00:00+00:00,2182154.21
2026-05-09T19:00:00+00:00,2182737.833
2026-05-09T20:00:00+00:00,2181848.291
2026-05-09T21:00:00+00:00,2178255.47
2026-05-09T22:00:00+00:00,2177955.469
2026-05-09T23:00:00+00:00,2170847.62
2026-05-10T00:00:00+00:00,2165262.824
2026-05-10T01:00:00+00:00,2162616.767
2026-05-10T02:00:00+00:00,2164323.26
2026-05-10T03:00:00+00:00,2165472.862
2026-05-10T04:00:00+00:00,2168461.489
2026-05-10T05:00:00+00:00,2168910.361
2026-05-10T06:00:00+00:00,2174830.203
2026-05-10T07:00:00+00:00,2174896.733
2026-05-10T08:00:00+00:00,2176474.262
2026-05-10T09:00:00+00:00,2171059.576
2026-05-10T10:00:00+00:00,2168905.372
2026-05-10T11:00:00+00:00,2180767.656
2026-05-10T12:00:00+00:00,2187789.029
2026-05-10T13:00:00+00:00,2187429.938
2026-05-10T14:00:00+00:00,2185381.602
2026-05-10T15:00:00+00:00,2179762.053
2026-05-10T16:00:00+00:00,2174563.534
2026-05-10T17:00:00+00:00,2133211.197
2026-05-10T18:00:00+00:00,2120994.523
2026-05-10T19:00:00+00:00,2114893.304
2026-05-10T20:00:00+00:00,2063134.645
2026-05-10T21:00:00+00:00,2046570.496
2026-05-10T22:00:00+00:00,2064480.462
2026-05-10T23:00:00+00:00,2070467.79
2026-05-11T00:00:00+00:00,2038779.801
2026-05-11T01:00:00+00:00,2039703.667
2026-05-11T02:00:00+00:00,2039205.011
2026-05-11T03:00:00+00:00,2050322.76
2026-05-11T04:00:00+00:00,2058382.002
2026-05-11T05:00:00+00:00,2062469.43
2026-05-11T06:00:00+00:00,2060859.35
2026-05-11T07:00:00+00:00,2062063.329
2026-05-11T08:00:00+00:00,2063273.237
2026-05-11T09:00:00+00:00,2068691.815
2026-05-11T10:00:00+00:00,2073702.202
2026-05-11T11:00:00+00:00,2075692.802
2026-05-11T12:00:00+00:00,2084221.048
2026-05-11T13:00:00+00:00,2106020.44
2026-05-11T14:00:00+00:00,2102124.686
2026-05-11T15:00:00+00:00,2097680.557
2026-05-11T16:00:00+00:00,2084349.918
2026-05-11T17:00:00+00:00,2079690.572
2026-05-11T18:00:00+00:00,2073777.262
2026-05-11T19:00:00+00:00,2069907.612
2026-05-11T20:00:00+00:00,2067385.667
2026-05-11T21:00:00+00:00,2065211.31
2026-05-11T22:00:00+00:00,2070244.167
2026-05-11T23:00:00+00:00,2068680.774
2026-05-12T00:00:00+00:00,2072063.144
2026-05-12T01:00:00+00:00,2094992.66
2026-05-12T02:00:00+00:00,2108014.414
2026-05-12T03:00:00+00:00,2111888.801
2026-05-12T04:00:00+00:00,2111777.741
2026-05-12T05:00:00+00:00,2114709.419
2026-05-12T06:00:00+00:00,2133448.58
2026-05-12T07:00:00+00:00,2137553.084
2026-05-12T08:00:00+00:00,2178757.401
2026-05-12T09:00:00+00:00,2188411.298
2026-05-12T10:00:00+00:00,2191168.275
2026-05-12T11:00:00+00:00,2194257.586
2026-05-12T12:00:00+00:00,2196669.771
2026-05-12T13:00:00+00:00,2204169.103
2026-05-12T14:00:00+00:00,2227765.827
2026-05-12T15:00:00+00:00,2251555.202
2026-05-12T16:00:00+00:00,2267256.804
2026-05-12T17:00:00+00:00,2264141.918
2026-05-12T18:00:00+00:00,2259125.239
2026-05-12T19:00:00+00:00,2253609.681
2026-05-12T20:00:00+00:00,2246057.35
2026-05-12T21:00:00+00:00,2241450.265
2026-05-12T22:00:00+00:00,2234355.167
2026-05-12T23:00:00+00:00,2232825.054
2026-05-13T00:00:00+00:00,2230284.074
2026-05-13T01:00:00+00:00,2227448.927
2026-05-13T02:00:00+00:00,2222597.057
2026-05-13T03:00:00+00:00,2219682.765
2026-05-13T04:00:00+00:00,2207092.064
2026-05-13T05:00:00+00:00,2199255.166
2026-05-13T06:00:00+00:00,2200472.175
2026-05-13T07:00:00+00:00,2198424.226
2026-05-13T08:00:00+00:00,2181341.47
2026-05-13T09:00:00+00:00,2157368.854
2026-05-13T10:00:00+00:00,2146791.256
2026-05-13T11:00:00+00:00,2146090.384
2026-05-13T12:00:00+00:00,2145966.457
2026-05-13T13:00:00+00:00,2191197.402
2026-05-13T14:00:00+00:00,2210509.418
2026-05-13T15:00:00+00:00,2218440.868
2026-05-13T16:00:00+00:00,2250505.86
2026-05-13T17:00:00+00:00,2259452.847
2026-05-13T18:00:00+00:00,2251958.202
2026-05-13T19:00:00+00:00,2250671.459
2026-05-13T20:00:00+00:00,2251623.312
2026-05-13T21:00:00+00:00,2245768.843
2026-05-13T22:00:00+00:00,2248913.165
2026-05-13T23:00:00+00:00,2252170.353
2026-05-14T00:00:00+00:00,2251674.03
2026-05-14T01:00:00+00:00,2251707.688
2026-05-14T02:00:00+00:00,2251539.504
2026-05-14T03:00:00+00:00,2251675.329
2026-05-14T04:00:00+00:00,2252886.575
2026-05-14T05:00:00+00:00,2233569.374
2026-05-14T06:00:00+00:00,2227045.424
2026-05-14T07:00:00+00:00,2226555.265
2026-05-14T08:00:00+00:00,2219880.781
2026-05-14T09:00:00+00:00,2224349.751
2026-05-14T10:00:00+00:00,2216194.987
2026-05-14T11:00:00+00:00,2216647.693
2026-05-14T12:00:00+00:00,2215521.455
2026-05-14T13:00:00+00:00,2229787.367
2026-05-14T14:00:00+00:00,2193594.199
2026-05-14T15:00:00+00:00,2184194.07
2026-05-14T16:00:00+00:00,2152319.179
2026-05-14T17:00:00+00:00,2122858.179
2026-05-14T18:00:00+00:00,2129232.524
2026-05-14T19:00:00+00:00,2117116.245
2026-05-14T20:00:00+00:00,2098214.984
2026-05-14T21:00:00+00:00,2088501.358
2026-05-14T22:00:00+00:00,2088277.228
2026-05-14T23:00:00+00:00,2092593.575
2026-05-15T00:00:00+00:00,2099310.148
2026-05-15T01:00:00+00:00,2098212.966
2026-05-15T02:00:00+00:00,2101828.896
2026-05-15T03:00:00+00:00,2105530.525
2026-05-15T04:00:00+00:00,2105751.205
2026-05-15T05:00:00+00:00,2143266.154
2026-05-15T06:00:00+00:00,2153346.151
2026-05-15T07:00:00+00:00,2144311.628
2026-05-15T08:00:00+00:00,2145231.581
2026-05-15T09:00:00+00:00,2157200.684
2026-05-15T10:00:00+00:00,2169351.901
2026-05-15T11:00:00+00:00,2171514.753
2026-05-15T12:00:00+00:00,2180675.78
2026-05-15T13:00:00+00:00,2206903.296
2026-05-15T14:00:00+00:00,2262551.414
2026-05-15T15:00:00+00:00,2292917.958
2026-05-15T16:00:00+00:00,2299661.354
2026-05-15T17:00:00+00:00,2294642.96
2026-05-15T18:00:00+00:00,2294916.999
2026-05-15T19:00:00+00:00,2291241.979
2026-05-15T20:00:00+00:00,2278682.608
2026-05-15T21:00:00+00:00,2274412.217
2026-05-15T22:00:00+00:00,2276486.298
2026-05-15T23:00:00+00:00,2278131.93
2026-05-16T00:00:00+00:00,2278833.066
2026-05-16T01:00:00+00:00,2277993.323
2026-05-16T02:00:00+00:00,2279231.701
2026-05-16T03:00:00+00:00,2277371.915
2026-05-16T04:00:00+00:00,2277875.733
2026-05-16T05:00:00+00:00,2279741.21
2026-05-16T06:00:00+00:00,2288841.15
2026-05-16T07:00:00+00:00,2269657.694
2026-05-16T08:00:00+00:00,2278858.728
2026-05-16T09:00:00+00:00,2279032.609
2026-05-16T10:00:00+00:00,2302434.068
2026-05-16T11:00:00+00:00,2304907.749
2026-05-16T12:00:00+00:00,2310924.515
2026-05-16T13:00:00+00:00,2312018.44
2026-05-16T14:00:00+00:00,2311403.143
2026-05-16T15:00:00+00:00,2315544.492
2026-05-16T16:00:00+00:00,2319885.067
2026-05-16T17:00:00+00:00,2318242.894
2026-05-16T18:00:00+00:00,2313615.899
2026-05-16T19:00:00+00:00,2309876.118
2026-05-16T20:00:00+00:00,2307635.106
2026-05-16T21:00:00+00:00,2303905.732
2026-05-16T22:00:00+00:00,2302841.097
2026-05-16T23:00:00+00:00,2301581.691
2026-05-17T00:00:00+00:00,2300716.146
2026-05-17T01:00:00+00:00,2319686.797
2026-05-17T02:00:00+00:00,2321721.107
2026-05-17T03:00:00+00:00,2321679.469
2026-05-17T04:00:00+00:00,2312508.72
2026-05-17T05:00:00+00:00,2302947.699
2026-05-17T06:00:00+00:00,2302665.025
2026-05-17T07:00:00+00:00,2301675.293
2026-05-17T08:00:00+00:00,2302968.602
2026-05-17T09:00:00+00:00,2302288.661
2026-05-17T10:00:00+00:00,2298079.904
2026-05-17T11:00:00+00:00,2298678.254
2026-05-17T12:00:00+00:00,2299685.222
2026-05-17T13:00:00+00:00,2299016.778
2026-05-17T14:00:00+00:00,2296913.935
2026-05-17T15:00:00+00:00,2296541.836
2026-05-17T16:00:00+00:00,2296902.092
2026-05-17T17:00:00+00:00,2297849.804
2026-05-17T18:00:00+00:00,2299801.601
2026-05-17T19:00:00+00:00,2295751.148
2026-05-17T20:00:00+00:00,2294256.043
2026-05-17T21:00:00+00:00,2291692.707
2026-05-17T22:00:00+00:00,2295687.379
2026-05-17T23:00:00+00:00,2230555.967
2026-05-18T00:00:00+00:00,2239315.877
2026-05-18T01:00:00+00:00,2265045.69
2026-05-18T02:00:00+00:00,2255779.158
2026-05-18T03:00:00+00:00,2260121.334
2026-05-18T04:00:00+00:00,2265918.738
2026-05-18T05:00:00+00:00,2262480.847
2026-05-18T06:00:00+00:00,2266124.873
2026-05-18T07:00:00+00:00,2260582.574
2026-05-18T08:00:00+00:00,2258382.358
2026-05-18T09:00:00+00:00,2259065.118
2026-05-18T10:00:00+00:00,2271850.198
2026-05-18T11:00:00+00:00,2248282.071
2026-05-18T12:00:00+00:00,2240203.2
2026-05-18T13:00:00+00:00,2245028.151
2026-05-18T14:00:00+00:00,2242188.836
2026-05-18T15:00:00+00:00,2250905.176
2026-05-18T16:00:00+00:00,2217328.268
2026-05-18T17:00:00+00:00,2216723.682
2026-05-18T18:00:00+00:00,2200995.594
2026-05-18T19:00:00+00:00,2188646.329
2026-05-18T20:00:00+00:00,2169151.563
2026-05-18T21:00:00+00:00,2149841.65
2026-05-18T22:00:00+00:00,2159419.205
2026-05-18T23:00:00+00:00,2158375.184
2026-05-19T00:00:00+00:00,2165170.366
2026-05-19T01:00:00+00:00,2172137.965
2026-05-19T02:00:00+00:00,2174365.685
2026-05-19T03:00:00+00:00,2172063.405
2026-05-19T04:00:00+00:00,2185206.644
2026-05-19T05:00:00+00:00,2169243.441
2026-05-19T06:00:00+00:00,2168739.836
2026-05-19T07:00:00+00:00,2165060.953
2026-05-19T08:00:00+00:00,2172460.562
2026-05-19T09:00:00+00:00,2180521.313
2026-05-19T10:00:00+00:00,2187249.901
2026-05-19T11:00:00+00:00,2191415.223
2026-05-19T12:00:00+00:00,2185675.846
2026-05-19T13:00:00+00:00,2202612.334
2026-05-19T14:00:00+00:00,2228658.659
2026-05-19T15:00:00+00:00,2230202.326
2026-05-19T16:00:00+00:00,2229583.105
2026-05-19T17:00:00+00:00,2219004.494
2026-05-19T18:00:00+00:00,2208775.11
2026-05-19T19:00:00+00:00,2211134.894
2026-05-19T20:00:00+00:00,2211279.471
2026-05-19T21:00:00+00:00,2210254.431
2026-05-19T22:00:00+00:00,2209527.972
2026-05-19T23:00:00+00:00,2207456.534
2026-05-20T00:00:00+00:00,2212634.932
2026-05-20T01:00:00+00:00,2216408.561
2026-05-20T02:00:00+00:00,2219426.805
2026-05-20T03:00:00+00:00,2223028.718
2026-05-20T04:00:00+00:00,2225609.582
2026-05-20T05:00:00+00:00,2222279.223
2026-05-20T06:00:00+00:00,2212016.379
2026-05-20T07:00:00+00:00,2210957.312
2026-05-20T08:00:00+00:00,2225365.395
2026-05-20T09:00:00+00:00,2228868.384
2026-05-20T10:00:00+00:00,2236702.616
2026-05-20T11:00:00+00:00,2239858.71
2026-05-20T12:00:00+00:00,2234511.554
2026-05-20T13:00:00+00:00,2219972.132
2026-05-20T14:00:00+00:00,2235203.994
2026-05-20T15:00:00+00:00,2225342.541
2026-05-20T16:00:00+00:00,2223016.445
2026-05-20T17:00:00+00:00,2224253.914
2026-05-20T18:00:00+00:00,2214504.098
2026-05-20T19:00:00+00:00,2214891.697
2026-05-20T20:00:00+00:00,2212788.004
2026-05-20T21:00:00+00:00,2210426.153
2026-05-20T22:00:00+00:00,2206349.782
2026-05-20T23:00:00+00:00,2208104.006
2026-05-21T00:00:00+00:00,2214378.476
2026-05-21T01:00:00+00:00,2212403.625
2026-05-21T02:00:00+00:00,2204737.823
2026-05-21T03:00:00+00:00,2206721.738
2026-05-21T04:00:00+00:00,2204653.173
2026-05-21T05:00:00+00:00,2199450.535
2026-05-21T06:00:00+00:00,2197833.519
2026-05-21T07:00:00+00:00,2203683.377
2026-05-21T08:00:00+00:00,2196591.449
2026-05-21T09:00:00+00:00,2208776.838
2026-05-21T10:00:00+00:00,2218972.254
2026-05-21T11:00:00+00:00,2231251.622
2026-05-21T12:00:00+00:00,2240574.186
2026-05-21T13:00:00+00:00,2248855.806
2026-05-21T14:00:00+00:00,2242473.468
2026-05-21T15:00:00+00:00,2236797.244
2026-05-21T16:00:00+00:00,2230518.087
2026-05-21T17:00:00+00:00,2233751.551
2026-05-21T18:00:00+00:00,2205126.994
2026-05-21T19:00:00+00:00,2203656.576
2026-05-21T20:00:00+00:00,2200118.935
2026-05-21T21:00:00+00:00,2197475.293
2026-05-21T22:00:00+00:00,2200828.021
2026-05-21T23:00:00+00:00,2198285.8
2026-05-22T00:00:00+00:00,2198842.092
2026-05-22T01:00:00+00:00,2201969.695
2026-05-22T02:00:00+00:00,2210638.042
2026-05-22T03:00:00+00:00,2210339.52
2026-05-22T04:00:00+00:00,2211877.152
2026-05-22T05:00:00+00:00,2202970.269
2026-05-22T06:00:00+00:00,2208540.514
2026-05-22T07:00:00+00:00,2210788.293
2026-05-22T08:00:00+00:00,2218013.594
2026-05-22T09:00:00+00:00,2224692.629
2026-05-22T10:00:00+00:00,2229179.221
2026-05-22T11:00:00+00:00,2230579.641
2026-05-22T12:00:00+00:00,2226807.023
2026-05-22T13:00:00+00:00,2225520.173
2026-05-22T14:00:00+00:00,2233309.066
2026-05-22T15:00:00+00:00,2241957.217
2026-05-22T16:00:00+00:00,2243659.024
2026-05-22T17:00:00+00:00,2234567.462
2026-05-22T18:00:00+00:00,2213264.461
2026-05-22T19:00:00+00:00,2258731.471
2026-05-22T20:00:00+00:00,2253875.066
2026-05-22T21:00:00+00:00,2237833.18
2026-05-22T22:00:00+00:00,2247238.117
2026-05-22T23:00:00+00:00,2247240.419
2026-05-23T00:00:00+00:00,2252815.531
2026-05-23T01:00:00+00:00,2261611.525
2026-05-23T02:00:00+00:00,2262269.769
2026-05-23T03:00:00+00:00,2265686.702
2026-05-23T04:00:00+00:00,2270318.209
2026-05-23T05:00:00+00:00,2274066.291
2026-05-23T06:00:00+00:00,2280597.071
2026-05-23T07:00:00+00:00,2217653.178
2026-05-23T08:00:00+00:00,2229682.322
2026-05-23T09:00:00+00:00,2256241.883
2026-05-23T10:00:00+00:00,2259474.441
2026-05-23T11:00:00+00:00,2259482.028
2026-05-23T12:00:00+00:00,2256706.168
2026-05-23T13:00:00+00:00,2244308.509
2026-05-23T14:00:00+00:00,2227676.165
2026-05-23T15:00:00+00:00,2214130.994
2026-05-23T16:00:00+00:00,2217673.31
2026-05-23T17:00:00+00:00,2228715.08
2026-05-23T18:00:00+00:00,2207286.141
2026-05-23T19:00:00+00:00,2185245.845
2026-05-23T20:00:00+00:00,2149466.05
2026-05-23T21:00:00+00:00,2142289.59
2026-05-23T22:00:00+00:00,2150575.492
2026-05-23T23:00:00+00:00,2150340.27
2026-05-24T00:00:00+00:00,2149962.279
2026-05-24T01:00:00+00:00,2148531.652
2026-05-24T02:00:00+00:00,2149220.012
2026-05-24T03:00:00+00:00,2145535.388
2026-05-24T04:00:00+00:00,2146470.904
2026-05-24T05:00:00+00:00,2145660.597
2026-05-24T06:00:00+00:00,2152481.917
2026-05-24T07:00:00+00:00,2158766.321
2026-05-24T08:00:00+00:00,2162591.146
2026-05-24T09:00:00+00:00,2172634.057
2026-05-24T10:00:00+00:00,2180299.502
2026-05-24T11:00:00+00:00,2183506.05
2026-05-24T12:00:00+00:00,2179526.915
2026-05-24T13:00:00+00:00,2178711.388
2026-05-24T14:00:00+00:00,2151822.266
2026-05-24T15:00:00+00:00,2157377.827
2026-05-24T16:00:00+00:00,2154533.399
2026-05-24T17:00:00+00:00,2158888.918
2026-05-24T18:00:00+00:00,2156856.153
2026-05-24T19:00:00+00:00,2157777.137
2026-05-24T20:00:00+00:00,2152278.777
2026-05-24T21:00:00+00:00,2125805.141
2026-05-24T22:00:00+00:00,2126413.208
2026-05-24T23:00:00+00:00,2123070.448
2026-05-25T00:00:00+00:00,2128727.993
2026-05-25T01:00:00+00:00,2128186.687
2026-05-25T02:00:00+00:00,2129406.732
2026-05-25T03:00:00+00:00,2132348.101
2026-05-25T04:00:00+00:00,2143119.4
2026-05-25T05:00:00+00:00,2153623.407
2026-05-25T06:00:00+00:00,2146558.629
2026-05-25T07:00:00+00:00,2152455.501
2026-05-25T08:00:00+00:00,2161352.792
2026-05-25T09:00:00+00:00,2158669.258
2026-05-25T10:00:00+00:00,2160726.264
2026-05-25T11:00:00+00:00,2167941.556
2026-05-25T12:00:00+00:00,2173740.005
2026-05-25T13:00:00+00:00,2177170.509
2026-05-25T14:00:00+00:00,2174889.011
2026-05-25T15:00:00+00:00,2171621.078
2026-05-25T16:00:00+00:00,2170728.91
2026-05-25T17:00:00+00:00,2169545.946
2026-05-25T18:00:00+00:00,2167187.191
2026-05-25T19:00:00+00:00,2163196.184
2026-05-25T20:00:00+00:00,2155890.215
2026-05-25T21:00:00+00:00,2148203.329
2026-05-25T22:00:00+00:00,2136029.485
2026-05-25T23:00:00+00:00,2135663.583
2026-05-26T00:00:00+00:00,2138125.625
2026-05-26T01:00:00+00:00,2144454.547
2026-05-26T02:00:00+00:00,2140012.722
2026-05-26T03:00:00+00:00,2146114.4
2026-05-26T04:00:00+00:00,2147942.885
2026-05-26T05:00:00+00:00,2152106.905
2026-05-26T06:00:00+00:00,2154119.784
2026-05-26T07:00:00+00:00,2159832.654
2026-05-26T08:00:00+00:00,2159119.914
2026-05-26T09:00:00+00:00,2158852.676
2026-05-26T10:00:00+00:00,2150783.64
2026-05-26T11:00:00+00:00,2139518.272
2026-05-26T12:00:00+00:00,2140095.856
2026-05-26T13:00:00+00:00,2153614.41
2026-05-26T14:00:00+00:00,2157630.141
2026-05-26T15:00:00+00:00,2167851.042
2026-05-26T16:00:00+00:00,2185000.257
2026-05-26T17:00:00+00:00,2213292.932
2026-05-26T18:00:00+00:00,2221804.154
2026-05-26T19:00:00+00:00,2221689.111
2026-05-26T20:00:00+00:00,2219382.753
2026-05-26T21:00:00+00:00,2219276.252
2026-05-26T22:00:00+00:00,2229446.329
2026-05-26T23:00:00+00:00,2232673.662
2026-05-27T00:00:00+00:00,2236783.342
2026-05-27T01:00:00+00:00,2239396.701
2026-05-27T02:00:00+00:00,2249396.917
2026-05-27T03:00:00+00:00,2255937.099
2026-05-27T04:00:00+00:00,2257269.183
2026-05-27T05:00:00+00:00,2263092.736
2026-05-27T06:00:00+00:00,2260083.199
2026-05-27T07:00:00+00:00,2256490.464
2026-05-27T08:00:00+00:00,2242291.061
2026-05-27T09:00:00+00:00,2247110.087
2026-05-27T10:00:00+00:00,2248077.799
2026-05-27T11:00:00+00:00,2248414.932
2026-05-27T12:00:00+00:00,2240653.237
2026-05-27T13:00:00+00:00,2277388.611
2026-05-27T14:00:00+00:00,2288921.783
2026-05-27T15:00:00+00:00,2286846.66
2026-05-27T16:00:00+00:00,2276501.218
2026-05-27T17:00:00+00:00,2272955.113
2026-05-27T18:00:00+00:00,2289986.476
2026-05-27T19:00:00+00:00,2290545.653
2026-05-27T20:00:00+00:00,2292541.674
2026-05-27T21:00:00+00:00,2251577.614
2026-05-27T22:00:00+00:00,2269617.256
2026-05-27T23:00:00+00:00,2293813.711
2026-05-28T00:00:00+00:00,2298436.332
2026-05-28T01:00:00+00:00,2310161.676
2026-05-28T02:00:00+00:00,2327680.226
2026-05-28T03:00:00+00:00,2333954.36
2026-05-28T04:00:00+00:00,2365067.825
2026-05-28T05:00:00+00:00,2377854.846
2026-05-28T06:00:00+00:00,2383489.523
2026-05-28T07:00:00+00:00,2377921.662
2026-05-28T08:00:00+00:00,2373194.268
2026-05-28T09:00:00+00:00,2378571.475
2026-05-28T10:00:00+00:00,2372040.686
2026-05-28T11:00:00+00:00,2360506.606
2026-05-28T12:00:00+00:00,2359178.466
2026-05-28T13:00:00+00:00,2368842.407
2026-05-28T14:00:00+00:00,2359423.323
2026-05-28T15:00:00+00:00,2351417.179
2026-05-28T16:00:00+00:00,2342209.645
2026-05-28T17:00:00+00:00,2323533.339
2026-05-28T18:00:00+00:00,2302012.72
2026-05-28T19:00:00+00:00,2292323.273
2026-05-28T20:00:00+00:00,2283250.837
2026-05-28T21:00:00+00:00,2278361.395
2026-05-28T22:00:00+00:00,2279465.419
2026-05-28T23:00:00+00:00,2278588.928
2026-05-29T00:00:00+00:00,2279106.54
2026-05-29T01:00:00+00:00,2284737.316
2026-05-29T02:00:00+00:00,2292084.063
2026-05-29T03:00:00+00:00,2293459.945
2026-05-29T04:00:00+00:00,2298397.223
2026-05-29T05:00:00+00:00,2301396.994
2026-05-29T06:00:00+00:00,2300001.416
2026-05-29T07:00:00+00:00,2314122.841
2026-05-29T08:00:00+00:00,2314343.71
2026-05-29T09:00:00+00:00,2314339.898
2026-05-29T10:00:00+00:00,2313719.904
2026-05-29T11:00:00+00:00,2312690.155
2026-05-29T12:00:00+00:00,2314803.76
2026-05-29T13:00:00+00:00,2309222.866
2026-05-29T14:00:00+00:00,2322370.535
2026-05-29T15:00:00+00:00,2253399.377
2026-05-29T16:00:00+00:00,2235657.954
2026-05-29T17:00:00+00:00,2229671.708
2026-05-29T18:00:00+00:00,2197198.277
2026-05-29T19:00:00+00:00,2192644.146
2026-05-29T20:00:00+00:00,2196393.585
2026-05-29T21:00:00+00:00,2195389.468
2026-05-29T22:00:00+00:00,2200340.232
2026-05-29T23:00:00+00:00,2198720.478
2026-05-30T00:00:00+00:00,2201212.935
2026-05-30T01:00:00+00:00,2204669.62
2026-05-30T02:00:00+00:00,2209132.677
2026-05-30T03:00:00+00:00,2210835.584
2026-05-30T04:00:00+00:00,2211079.536
2026-05-30T05:00:00+00:00,2201321.799
2026-05-30T06:00:00+00:00,2200672.193
2026-05-30T07:00:00+00:00,2203164.817
2026-05-30T08:00:00+00:00,2204327.303
2026-05-30T09:00:00+00:00,2204163.749
2026-05-30T10:00:00+00:00,2207307.147
2026-05-30T11:00:00+00:00,2208271.009
2026-05-30T12:00:00+00:00,2208141.953
2026-05-30T13:00:00+00:00,2210614.187
2026-05-30T14:00:00+00:00,2217779.033
2026-05-30T15:00:00+00:00,2215844.461
2026-05-30T16:00:00+00:00,2212560.832
2026-05-30T17:00:00+00:00,2206532.047
2026-05-30T18:00:00+00:00,2201985.007
2026-05-30T19:00:00+00:00,2205176.696
2026-05-30T20:00:00+00:00,2204170.662
2026-05-30T21:00:00+00:00,2205672.305
2026-05-30T22:00:00+00:00,2202813.338
2026-05-30T23:00:00+00:00,2203282.598
2026-05-31T00:00:00+00:00,2202383.223
2026-05-31T01:00:00+00:00,2211294.218
2026-05-31T02:00:00+00:00,2215638.364
2026-05-31T03:00:00+00:00,2218039.478
2026-05-31T04:00:00+00:00,2216604.303
2026-05-31T05:00:00+00:00,2216139.58
2026-05-31T06:00:00+00:00,2213029.056
2026-05-31T07:00:00+00:00,2210970.692
2026-05-31T08:00:00+00:00,2217312.474
2026-05-31T09:00:00+00:00,2202834.067
2026-05-31T10:00:00+00:00,2209939.258
2026-05-31T11:00:00+00:00,2211152.15
2026-05-31T12:00:00+00:00,2211833.524
2026-05-31T13:00:00+00:00,2212049.584
2026-05-31T14:00:00+00:00,2214766.511
2026-05-31T15:00:00+00:00,2217443.049
2026-05-31T16:00:00+00:00,2222326.783
2026-05-31T17:00:00+00:00,2224979.82
2026-05-31T18:00:00+00:00,2231008.129
2026-05-31T19:00:00+00:00,2233883.381
2026-05-31T20:00:00+00:00,2228970.948
2026-05-31T21:00:00+00:00,2229415.136
2026-05-31T22:00:00+00:00,2228288.356
2026-05-31T23:00:00+00:00,2230941.123
2026-06-01T00:00:00+00:00,2231592.86
2026-06-01T01:00:00+00:00,2249716.164
2026-06-01T02:00:00+00:00,2243969.161
2026-06-01T03:00:00+00:00,2246009.385
2026-06-01T04:00:00+00:00,2251381.978
2026-06-01T05:00:00+00:00,2273754.063
2026-06-01T06:00:00+00:00,2291099.034
2026-06-01T07:00:00+00:00,2299090.864
2026-06-01T08:00:00+00:00,2322688.465
2026-06-01T09:00:00+00:00,2309065.202
2026-06-01T10:00:00+00:00,2317710.622
2026-06-01T11:00:00+00:00,2320500.451
2026-06-01T12:00:00+00:00,2315605.287
2026-06-01T13:00:00+00:00,2302626.14
2026-06-01T14:00:00+00:00,2326299.475
2026-06-01T15:00:00+00:00,2340643.218
2026-06-01T16:00:00+00:00,2348286.521
2026-06-01T17:00:00+00:00,2314469.39
2026-06-01T18:00:00+00:00,2309312.56
2026-06-01T19:00:00+00:00,2286632.599
2026-06-01T20:00:00+00:00,2266080.525
2026-06-01T21:00:00+00:00,2273791.023
2026-06-01T22:00:00+00:00,2286229.57
2026-06-01T23:00:00+00:00,2285149.062
2026-06-02T00:00:00+00:00,2287919.953
2026-06-02T01:00:00+00:00,2281944.351
2026-06-02T02:00:00+00:00,2344732.523
2026-06-02T03:00:00+00:00,2351523.98
2026-06-02T04:00:00+00:00,2347221.815
2026-06-02T05:00:00+00:00,2331747.346
2026-06-02T06:00:00+00:00,2332782.271
2026-06-02T07:00:00+00:00,2335387.325
2026-06-02T08:00:00+00:00,2343179.055
2026-06-02T09:00:00+00:00,2359203.927
2026-06-02T10:00:00+00:00,2355891.916
2026-06-02T11:00:00+00:00,2356784.707
2026-06-02T12:00:00+00:00,2361042.065
2026-06-02T13:00:00+00:00,2379391.9
2026-06-02T14:00:00+00:00,2421849.701
2026-06-02T15:00:00+00:00,2461583.047
2026-06-02T16:00:00+00:00,2421624.484
2026-06-02T17:00:00+00:00,2428170.687
2026-06-02T18:00:00+00:00,2425966.935
2026-06-02T19:00:00+00:00,2412917.695
2026-06-02T20:00:00+00:00,2399301.427
2026-06-02T21:00:00+00:00,2379572.538
2026-06-02T22:00:00+00:00,2401422.854
2026-06-02T23:00:00+00:00,2308745.511
2026-06-03T00:00:00+00:00,2302850.754
2026-06-03T01:00:00+00:00,2304794.228
2026-06-03T02:00:00+00:00,2327691.569
2026-06-03T03:00:00+00:00,2330449.264
2026-06-03T04:00:00+00:00,2324547.805
2026-06-03T05:00:00+00:00,2346857.171
2026-06-03T06:00:00+00:00,2349864.03
2026-06-03T07:00:00+00:00,2355773.605
2026-06-03T08:00:00+00:00,2375887.387
2026-06-03T09:00:00+00:00,2389351.549
2026-06-03T10:00:00+00:00,2383519.937
2026-06-03T11:00:00+00:00,2392171.763
2026-06-03T12:00:00+00:00,2378552.973
2026-06-03T13:00:00+00:00,2387739.516
2026-06-03T14:00:00+00:00,2398533.531
2026-06-03T15:00:00+00:00,2384635.427
2026-06-03T16:00:00+00:00,2380261.359
2026-06-03T17:00:00+00:00,2376679.337
2026-06-03T18:00:00+00:00,2372950.114
2026-06-03T19:00:00+00:00,2351163.591
2026-06-03T20:00:00+00:00,2321714.472
2026-06-03T21:00:00+00:00,2373305.185
2026-06-03T22:00:00+00:00,2369770.519
2026-06-03T23:00:00+00:00,2375618.54
2026-06-04T00:00:00+00:00,2336201.009
2026-06-04T01:00:00+00:00,2311868.82
2026-06-04T02:00:00+00:00,2266644.13
2026-06-04T03:00:00+00:00,2269146.563
2026-06-04T04:00:00+00:00,2275523.944
2026-06-04T05:00:00+00:00,2276305.712
2026-06-04T06:00:00+00:00,2264055.941
2026-06-04T07:00:00+00:00,2263650.636
2026-06-04T08:00:00+00:00,2277534.048
2026-06-04T09:00:00+00:00,2278163.311
2026-06-04T10:00:00+00:00,2263945.633
2026-06-04T11:00:00+00:00,2280939.465
2026-06-04T12:00:00+00:00,2262076.483
2026-06-04T13:00:00+00:00,2271139.427
2026-06-04T14:00:00+00:00,2271792.138
2026-06-04T15:00:00+00:00,2274200.909
2026-06-04T16:00:00+00:00,2273097.224
2026-06-04T17:00:00+00:00,2268040.995
2026-06-04T18:00:00+00:00,2263660.825
2026-06-04T19:00:00+00:00,2273705.556
2026-06-04T20:00:00+00:00,2267633.295
2026-06-04T21:00:00+00:00,2260857.82
2026-06-04T22:00:00+00:00,2256883.293
2026-06-04T23:00:00+00:00,2257798.75
2026-06-05T00:00:00+00:00,2261029.329
2026-06-05T01:00:00+00:00,2263399.23
2026-06-05T02:00:00+00:00,2263888.092
2026-06-05T03:00:00+00:00,2275592.038
2026-06-05T04:00:00+00:00,2225301.446
2026-06-05T05:00:00+00:00,2266787.109
2026-06-05T06:00:00+00:00,2253339.39
2026-06-05T07:00:00+00:00,2256219.28
2026-06-05T08:00:00+00:00,2261846.899
2026-06-05T09:00:00+00:00,2264437.14
2026-06-05T10:00:00+00:00,2284903.45
2026-06-05T11:00:00+00:00,2289388.837
2026-06-05T12:00:00+00:00,2288372.191
2026-06-05T13:00:00+00:00,2260398.264
2026-06-05T14:00:00+00:00,2320299.042
2026-06-05T15:00:00+00:00,2335548.952
2026-06-05T16:00:00+00:00,2365344.141
2026-06-05T17:00:00+00:00,2365826.394
2026-06-05T18:00:00+00:00,2370759.799
2026-06-05T19:00:00+00:00,2373410.691
2026-06-05T20:00:00+00:00,2392944.075
2026-06-05T21:00:00+00:00,2391240.214
2026-06-05T22:00:00+00:00,2394226.258
2026-06-05T23:00:00+00:00,2385684.691
2026-06-06T00:00:00+00:00,2383415.787
2026-06-06T01:00:00+00:00,2385465.857
2026-06-06T02:00:00+00:00,2387510.811
2026-06-06T03:00:00+00:00,2393042.251
2026-06-06T04:00:00+00:00,2390473.873
2026-06-06T05:00:00+00:00,2378973.28
2026-06-06T06:00:00+00:00,2391028.324
2026-06-06T07:00:00+00:00,2390533.912
2026-06-06T08:00:00+00:00,2396502.386
2026-06-06T09:00:00+00:00,2385595.115
2026-06-06T10:00:00+00:00,2327809.038
2026-06-06T11:00:00+00:00,2321672.285
2026-06-06T12:00:00+00:00,2349055.062
2026-06-06T13:00:00+00:00,2353580.933
2026-06-06T14:00:00+00:00,2352591.298
2026-06-06T15:00:00+00:00,2346456.005
2026-06-06T16:00:00+00:00,2348102.612
2026-06-06T17:00:00+00:00,2325768.476
2026-06-06T18:00:00+00:00,2342358.617
2026-06-06T19:00:00+00:00,2345163.685
2026-06-06T20:00:00+00:00,2341631.097
2026-06-06T21:00:00+00:00,2345903.496
2026-06-06T22:00:00+00:00,2339476.178
2026-06-06T23:00:00+00:00,2353010.983
2026-06-07T00:00:00+00:00,2352432.39
2026-06-07T01:00:00+00:00,2376956.611
2026-06-07T02:00:00+00:00,2377055.45
2026-06-07T03:00:00+00:00,2381265.078
2026-06-07T04:00:00+00:00,2383056.64
2026-06-07T05:00:00+00:00,2389596.607
2026-06-07T06:00:00+00:00,2387661.869
2026-06-07T07:00:00+00:00,2394887.441
2026-06-07T08:00:00+00:00,2360021.48
2026-06-07T09:00:00+00:00,2336524.607
2026-06-07T10:00:00+00:00,2337941.535
2026-06-07T11:00:00+00:00,2348926.849
2026-06-07T12:00:00+00:00,2346734.329
2026-06-07T13:00:00+00:00,2352372.234
2026-06-07T14:00:00+00:00,2361120.278
2026-06-07T15:00:00+00:00,2362912.954
2026-06-07T16:00:00+00:00,2366787.012
2026-06-07T17:00:00+00:00,2360359.916
2026-06-07T18:00:00+00:00,2358449.494
2026-06-07T19:00:00+00:00,2336126.226
2026-06-07T20:00:00+00:00,2325960.459
2026-06-07T21:00:00+00:00,2323152.823
2026-06-07T22:00:00+00:00,2263672.311
2026-06-07T23:00:00+00:00,2266341.409
2026-06-08T00:00:00+00:00,2286918.342
2026-06-08T01:00:00+00:00,2288612.828
2026-06-08T02:00:00+00:00,2289074.906
2026-06-08T03:00:00+00:00,2289749.187
2026-06-08T04:00:00+00:00,2267432.831
2026-06-08T05:00:00+00:00,2251470.117
2026-06-08T06:00:00+00:00,2266994.824
2026-06-08T07:00:00+00:00,2267948.533
2026-06-08T08:00:00+00:00,2262975.471
2026-06-08T09:00:00+00:00,2266037.131
2026-06-08T10:00:00+00:00,2263872.458
2026-06-08T11:00:00+00:00,2266257.628
2026-06-08T12:00:00+00:00,2275571.75
2026-06-08T13:00:00+00:00,2267155.067
2026-06-08T14:00:00+00:00,2269055.332
2026-06-08T15:00:00+00:00,2274467.142
2026-06-08T16:00:00+00:00,2278035.161
2026-06-08T17:00:00+00:00,2264433.423
2026-06-08T18:00:00+00:00,2261868.44
2026-06-08T19:00:00+00:00,2259080.947
2026-06-08T20:00:00+00:00,2250746.568
2026-06-08T21:00:00+00:00,2216889.444
2026-06-08T22:00:00+00:00,2234438.581
2026-06-08T23:00:00+00:00,2255247.032
2026-06-09T00:00:00+00:00,2245342.323
2026-06-09T01:00:00+00:00,2248086.522
2026-06-09T02:00:00+00:00,2238890.392
2026-06-09T03:00:00+00:00,2240602.274
2026-06-09T04:00:00+00:00,2239589.271
2026-06-09T05:00:00+00:00,2248219.455
2026-06-09T06:00:00+00:00,2259160.516
2026-06-09T07:00:00+00:00,2232952.992
2026-06-09T08:00:00+00:00,2248655.363
2026-06-09T09:00:00+00:00,2257945.916
2026-06-09T10:00:00+00:00,2264288.137
2026-06-09T11:00:00+00:00,2272787.795
2026-06-09T12:00:00+00:00,2259782.399
2026-06-09T13:00:00+00:00,2261930.991
2026-06-09T14:00:00+00:00,2273778.949
2026-06-09T15:00:00+00:00,2289757.959
2026-06-09T16:00:00+00:00,2305571.55
2026-06-09T17:00:00+00:00,2298881.443
2026-06-09T18:00:00+00:00,2298258.913
2026-06-09T19:00:00+00:00,2294558.521
2026-06-09T20:00:00+00:00,2287943.387
2026-06-09T21:00:00+00:00,2288755.049
2026-06-09T22:00:00+00:00,2277425.194
2026-06-09T23:00:00+00:00,2267738.962
2026-06-10T00:00:00+00:00,2272492.201
2026-06-10T01:00:00+00:00,2275988.683
2026-06-10T02:00:00+00:00,2279929.144
2026-06-10T03:00:00+00:00,2285123.324
2026-06-10T04:00:00+00:00,2289176.599
2026-06-10T05:00:00+00:00,2288834.69
2026-06-10T06:00:00+00:00,2299020.567
2026-06-10T07:00:00+00:00,2296100.515
2026-06-10T08:00:00+00:00,2296893.382
2026-06-10T09:00:00+00:00,2299098.234
2026-06-10T10:00:00+00:00,2294914.163
2026-06-10T11:00:00+00:00,2299326.025
2026-06-10T12:00:00+00:00,2291887.69
2026-06-10T13:00:00+00:00,2304590.857
2026-06-10T14:00:00+00:00,2303161.881
2026-06-10T15:00:00+00:00,2319298.719
2026-06-10T16:00:00+00:00,2319654.942
2026-06-10T17:00:00+00:00,2298235.49
2026-06-10T18:00:00+00:00,2289959.194
2026-06-10T19:00:00+00:00,2291278.566
2026-06-10T20:00:00+00:00,2297541.02
2026-06-10T21:00:00+00:00,2294114.583
2026-06-10T22:00:00+00:00,2294985.364
2026-06-10T23:00:00+00:00,2298729.757
2026-06-11T00:00:00+00:00,2299616.742
2026-06-11T01:00:00+00:00,2307867.344
2026-06-11T02:00:00+00:00,2314161.31
2026-06-11T03:00:00+00:00,2299229.909
2026-06-11T04:00:00+00:00,2299577.279
2026-06-11T05:00:00+00:00,2308555.922
2026-06-11T06:00:00+00:00,2350656.355
2026-06-11T07:00:00+00:00,2351105.8
2026-06-11T08:00:00+00:00,2363747.047
2026-06-11T09:00:00+00:00,2359682.586
2026-06-11T10:00:00+00:00,2365041.433
2026-06-11T11:00:00+00:00,2360490.75
2026-06-11T12:00:00+00:00,2333923.96
2026-06-11T13:00:00+00:00,2331737.474
2026-06-11T14:00:00+00:00,2342407.289
2026-06-11T15:00:00+00:00,2335526.561
2026-06-11T16:00:00+00:00,2338546.018
2026-06-11T17:00:00+00:00,2326336.362
2026-06-11T18:00:00+00:00,2327963.388
2026-06-11T19:00:00+00:00,2319315.179
2026-06-11T20:00:00+00:00,2300093.521
2026-06-11T21:00:00+00:00,2297103.653
2026-06-11T22:00:00+00:00,2302998.41
2026-06-11T23:00:00+00:00,2311708.712
2026-06-12T00:00:00+00:00,2316132.76
2026-06-12T01:00:00+00:00,2300612.562
2026-06-12T02:00:00+00:00,2303654.15
2026-06-12T03:00:00+00:00,2309382.735
2026-06-12T04:00:00+00:00,2315890.289
2026-06-12T05:00:00+00:00,2304250.949
2026-06-12T06:00:00+00:00,2309052.209
2026-06-12T07:00:00+00:00,2316337.144
2026-06-12T08:00:00+00:00,2303610.744
2026-06-12T09:00:00+00:00,2304924.108
2026-06-12T10:00:00+00:00,2303320.385
2026-06-12T11:00:00+00:00,2295189.381
2026-06-12T12:00:00+00:00,2282812.448
2026-06-12T13:00:00+00:00,2283666.784
2026-06-12T14:00:00+00:00,2287311.944
2026-06-12T15:00:00+00:00,2265141.902
2026-06-12T16:00:00+00:00,2262995.28
2026-06-12T17:00:00+00:00,2265722.617
2026-06-12T18:00:00+00:00,2254922.162
2026-06-12T19:00:00+00:00,2253207.209
2026-06-12T20:00:00+00:00,2252023.87
2026-06-12T21:00:00+00:00,2251379.071
2026-06-12T22:00:00+00:00,2255970.904
2026-06-12T23:00:00+00:00,2254397.448
2026-06-13T00:00:00+00:00,2254253.551
2026-06-13T01:00:00+00:00,2246546.27
2026-06-13T02:00:00+00:00,2246871.76
2026-06-13T03:00:00+00:00,2245200.966
2026-06-13T04:00:00+00:00,2251315.572
2026-06-13T05:00:00+00:00,2252053.816
2026-06-13T06:00:00+00:00,2254950.125
2026-06-13T07:00:00+00:00,2238173.329
2026-06-13T08:00:00+00:00,2253315.27
2026-06-13T09:00:00+00:00,2250898.268
2026-06-13T10:00:00+00:00,2249418.07
2026-06-13T11:00:00+00:00,2257920.865
2026-06-13T12:00:00+00:00,2268297.191
2026-06-13T13:00:00+00:00,2272818.654
2026-06-13T14:00:00+00:00,2273455.476
2026-06-13T15:00:00+00:00,2291599.739
2026-06-13T16:00:00+00:00,2270109.014
2026-06-13T17:00:00+00:00,2285528.228
2026-06-13T18:00:00+00:00,2286924.437
2026-06-13T19:00:00+00:00,2283886.14
2026-06-13T20:00:00+00:00,2280451.921
2026-06-13T21:00:00+00:00,2274313.581
2026-06-13T22:00:00+00:00,2273333.254
2026-06-13T23:00:00+00:00,2269776.074
2026-06-14T00:00:00+00:00,2271412.505
2026-06-14T01:00:00+00:00,2278219.689
2026-06-14T02:00:00+00:00,2280840.158
2026-06-14T03:00:00+00:00,2280861.613
2026-06-14T04:00:00+00:00,2279029.339
2026-06-14T05:00:00+00:00,2277197.891
2026-06-14T06:00:00+00:00,2281063.576
2026-06-14T07:00:00+00:00,2281022.805
2026-06-14T08:00:00+00:00,2282198.409
2026-06-14T09:00:00+00:00,2278957.301
2026-06-14T10:00:00+00:00,2278822.225
2026-06-14T11:00:00+00:00,2281731.557
2026-06-14T12:00:00+00:00,2290481.014
2026-06-14T13:00:00+00:00,2303051.856
2026-06-14T14:00:00+00:00,2317031.678
2026-06-14T15:00:00+00:00,2315030.849
2026-06-14T16:00:00+00:00,2311585.801
2026-06-14T17:00:00+00:00,2320248.3
2026-06-14T18:00:00+00:00,2319976.502
2026-06-14T19:00:00+00:00,2315734.333
2026-06-14T20:00:00+00:00,2306829.624
2026-06-14T21:00:00+00:00,2294358.515
2026-06-14T22:00:00+00:00,2315565.73
2026-06-14T23:00:00+00:00,2322181.692
2026-06-15T00:00:00+00:00,2324057.214
2026-06-15T01:00:00+00:00,2318744.131
2026-06-15T02:00:00+00:00,2320467.618
2026-06-15T03:00:00+00:00,2318940.162
2026-06-15T04:00:00+00:00,2319630.936
2026-06-15T05:00:00+00:00,2322707.665
2026-06-15T06:00:00+00:00,2323175.501
2026-06-15T07:00:00+00:00,2326343.251
2026-06-15T08:00:00+00:00,2325020.407
2026-06-15T09:00:00+00:00,2329510.078
2026-06-15T10:00:00+00:00,2300341.562
2026-06-15T11:00:00+00:00,2287740.75
2026-06-15T12:00:00+00:00,2311884.673
2026-06-15T13:00:00+00:00,2357371.569
2026-06-15T14:00:00+00:00,2373049.117
2026-06-15T15:00:00+00:00,2363454.816
2026-06-15T16:00:00+00:00,2375752.844
2026-06-15T17:00:00+00:00,2376394.006
2026-06-15T18:00:00+00:00,2366900.423
2026-06-15T19:00:00+00:00,2351148.919
2026-06-15T20:00:00+00:00,2350469.259
2026-06-15T21:00:00+00:00,2340143.515
2026-06-15T22:00:00+00:00,2343678.436
2026-06-15T23:00:00+00:00,2323798.314
2026-06-16T00:00:00+00:00,2326861.602
2026-06-16T01:00:00+00:00,2326900.957
2026-06-16T02:00:00+00:00,2329283.188
2026-06-16T03:00:00+00:00,2320320.915
2026-06-16T04:00:00+00:00,2287276.179
2026-06-16T05:00:00+00:00,2273476.268
2026-06-16T06:00:00+00:00,2272611.576
2026-06-16T07:00:00+00:00,2276347.647
2026-06-16T08:00:00+00:00,2266386.636
2026-06-16T09:00:00+00:00,2275799.149
2026-06-16T10:00:00+00:00,2275694.81
2026-06-16T11:00:00+00:00,2276237.692
2026-06-16T12:00:00+00:00,2309358.07
2026-06-16T13:00:00+00:00,2312188.802
2026-06-16T14:00:00+00:00,2305977.605
2026-06-16T15:00:00+00:00,2291952.637
2026-06-16T16:00:00+00:00,2261826.555
2026-06-16T17:00:00+00:00,2251252.978
2026-06-16T18:00:00+00:00,2248048.317
2026-06-16T19:00:00+00:00,2248185.091
2026-06-16T20:00:00+00:00,2247769.723
2026-06-16T21:00:00+00:00,2248412.068
2026-06-16T22:00:00+00:00,2251177.231
2026-06-16T23:00:00+00:00,2252751.275
2026-06-17T00:00:00+00:00,2259664.678
2026-06-17T01:00:00+00:00,2252224.981
2026-06-17T02:00:00+00:00,2248206.2
2026-06-17T03:00:00+00:00,2245658.205
2026-06-17T04:00:00+00:00,2249643.809
2026-06-17T05:00:00+00:00,2253318.4
2026-06-17T06:00:00+00:00,2253699.024
2026-06-17T07:00:00+00:00,2249955.34
2026-06-17T08:00:00+00:00,2254823.607
2026-06-17T09:00:00+00:00,2251054.798
2026-06-17T10:00:00+00:00,2252000.656
2026-06-17T11:00:00+00:00,2260118.911
2026-06-17T12:00:00+00:00,2235176.718
2026-06-17T13:00:00+00:00,2237027.08
2026-06-17T14:00:00+00:00,2237399.944
2026-06-17T15:00:00+00:00,2236184.506
2026-06-17T16:00:00+00:00,2232310.456
2026-06-17T17:00:00+00:00,2218506.365
2026-06-17T18:00:00+00:00,2229078.375
2026-06-17T19:00:00+00:00,2229852.917
2026-06-17T20:00:00+00:00,2218538.258
2026-06-17T21:00:00+00:00,2215912.97
2026-06-17T22:00:00+00:00,2217625.586
2026-06-17T23:00:00+00:00,2215555.075
2026-06-18T00:00:00+00:00,2222633.455
2026-06-18T01:00:00+00:00,2227044.756
2026-06-18T02:00:00+00:00,2229342.08
2026-06-18T03:00:00+00:00,2234682.704
2026-06-18T04:00:00+00:00,2246229.579
2026-06-18T05:00:00+00:00,2248484.799
2026-06-18T06:00:00+00:00,2247500.774
2026-06-18T07:00:00+00:00,2240168.588
2026-06-18T08:00:00+00:00,2250255.747
2026-06-18T09:00:00+00:00,2248544.913
2026-06-18T10:00:00+00:00,2246204.777
2026-06-18T11:00:00+00:00,2253294.738
2026-06-18T12:00:00+00:00,2253680.428
2026-06-18T13:00:00+00:00,2244642.839
2026-06-18T14:00:00+00:00,2264293.431
2026-06-18T15:00:00+00:00,2272237.672
2026-06-18T16:00:00+00:00,2299400.518
2026-06-18T17:00:00+00:00,2304181.216
2026-06-18T18:00:00+00:00,2299312.502
2026-06-18T19:00:00+00:00,2275647.644
2026-06-18T20:00:00+00:00,2259375.758
2026-06-18T21:00:00+00:00,2253813.588
2026-06-18T22:00:00+00:00,2251328.907
2026-06-18T23:00:00+00:00,2254113.156
2026-06-19T00:00:00+00:00,2254044.351
2026-06-19T01:00:00+00:00,2256378.832
2026-06-19T02:00:00+00:00,2262432.857
2026-06-19T03:00:00+00:00,2232455.217
2026-06-19T04:00:00+00:00,2230144.097
2026-06-19T05:00:00+00:00,2232946.909
2026-06-19T06:00:00+00:00,2234945.559
2026-06-19T07:00:00+00:00,2242357.016
2026-06-19T08:00:00+00:00,2242093.922
2026-06-19T09:00:00+00:00,2235186.681
2026-06-19T10:00:00+00:00,2231124.919
2026-06-19T11:00:00+00:00,2230940.469
2026-06-19T12:00:00+00:00,2229077.059
2026-06-19T13:00:00+00:00,2228976.587
2026-06-19T14:00:00+00:00,2238461.028
2026-06-19T15:00:00+00:00,2235380.137
2026-06-19T16:00:00+00:00,2226818.526
2026-06-19T17:00:00+00:00,2225115.481
2026-06-19T18:00:00+00:00,2224485.965
2026-06-19T19:00:00+00:00,2222898.729
2026-06-19T20:00:00+00:00,2221675.379
2026-06-19T21:00:00+00:00,2220197.793
2026-06-19T22:00:00+00:00,2216291.947
2026-06-19T23:00:00+00:00,2218066.412
2026-06-20T00:00:00+00:00,2218607.34
2026-06-20T01:00:00+00:00,2219496.416
2026-06-20T02:00:00+00:00,2223514.749
2026-06-20T03:00:00+00:00,2224767.343
2026-06-20T04:00:00+00:00,2223475.187
2026-06-20T05:00:00+00:00,2217935.44
2026-06-20T06:00:00+00:00,2222961.467
2026-06-20T07:00:00+00:00,2223777.291
2026-06-20T08:00:00+00:00,2228770.588
2026-06-20T09:00:00+00:00,2233001.341
2026-06-20T10:00:00+00:00,2233693.894
2026-06-20T11:00:00+00:00,2239228.547
2026-06-20T12:00:00+00:00,2239408.768
2026-06-20T13:00:00+00:00,2233762.134
2026-06-20T14:00:00+00:00,2203558.872
2026-06-20T15:00:00+00:00,2220074.454
2026-06-20T16:00:00+00:00,2219277.74
2026-06-20T17:00:00+00:00,2212107.096
2026-06-20T18:00:00+00:00,2210273.497
2026-06-20T19:00:00+00:00,2211048.626
2026-06-20T20:00:00+00:00,2207860.267
2026-06-20T21:00:00+00:00,2205623.646
2026-06-20T22:00:00+00:00,2216397.156
2026-06-20T23:00:00+00:00,2215742.284
2026-06-21T00:00:00+00:00,2214491.318
2026-06-21T01:00:00+00:00,2215705.907
2026-06-21T02:00:00+00:00,2217323.629
2026-06-21T03:00:00+00:00,2222723.107
2026-06-21T04:00:00+00:00,2221128.986
2026-06-21T05:00:00+00:00,2222458.757
2026-06-21T06:00:00+00:00,2228948.244
2026-06-21T07:00:00+00:00,2227718.895
2026-06-21T08:00:00+00:00,2222941.753
2026-06-21T09:00:00+00:00,2224208.155
2026-06-21T10:00:00+00:00,2227535.583
2026-06-21T11:00:00+00:00,2210695.382
2026-06-21T12:00:00+00:00,2226194.368
2026-06-21T13:00:00+00:00,2230623.704
2026-06-21T14:00:00+00:00,2233462.424
2026-06-21T15:00:00+00:00,2236562.015
2026-06-21T16:00:00+00:00,2237486.297
2026-06-21T17:00:00+00:00,2239906.295
2026-06-21T18:00:00+00:00,2239936.013
2026-06-21T19:00:00+00:00,2238109.003
2026-06-21T20:00:00+00:00,2221657.756
2026-06-21T21:00:00+00:00,2203113.955
2026-06-21T22:00:00+00:00,2217178.386
2026-06-21T23:00:00+00:00,2219099.294
2026-06-22T00:00:00+00:00,2218995.458
2026-06-22T01:00:00+00:00,2213733.185
2026-06-22T02:00:00+00:00,2214059.997
2026-06-22T03:00:00+00:00,2213625.911
2026-06-22T04:00:00+00:00,2220789.664
2026-06-22T05:00:00+00:00,2228416.458
2026-06-22T06:00:00+00:00,2228209.144
2026-06-22T07:00:00+00:00,2236910.608
2026-06-22T08:00:00+00:00,2242245.995
2026-06-22T09:00:00+00:00,2244150.958
2026-06-22T10:00:00+00:00,2248452.048
2026-06-22T11:00:00+00:00,2246005.685
2026-06-22T12:00:00+00:00,2254159.756
2026-06-22T13:00:00+00:00,2257066.152
2026-06-22T14:00:00+00:00,2246904.79
2026-06-22T15:00:00+00:00,2238356.691
2026-06-22T16:00:00+00:00,2229214.169
2026-06-22T17:00:00+00:00,2233334.15
2026-06-22T18:00:00+00:00,2228475.536
2026-06-22T19:00:00+00:00,2227398.943
2026-06-22T20:00:00+00:00,2225136.91
2026-06-22T21:00:00+00:00,2224047.437
2026-06-22T22:00:00+00:00,2219850.324
2026-06-22T23:00:00+00:00,2226806.19
2026-06-23T00:00:00+00:00,2226971.921
2026-06-23T01:00:00+00:00,2235949.465
2026-06-23T02:00:00+00:00,2239071.214
2026-06-23T03:00:00+00:00,2243869.973
2026-06-23T04:00:00+00:00,2247730.504
2026-06-23T05:00:00+00:00,2275906.881
2026-06-23T06:00:00+00:00,2266294.193
2026-06-23T07:00:00+00:00,2269866.597
2026-06-23T08:00:00+00:00,2264936.49
2026-06-23T09:00:00+00:00,2270975.583
2026-06-23T10:00:00+00:00,2267250.815
2026-06-23T11:00:00+00:00,2272293.725
2026-06-23T12:00:00+00:00,2270600.577
2026-06-23T13:00:00+00:00,2286109.602
2026-06-23T14:00:00+00:00,2294045.537
2026-06-23T15:00:00+00:00,2294661.697
2026-06-23T16:00:00+00:00,2317921.266
2026-06-23T17:00:00+00:00,2314099.986
2026-06-23T18:00:00+00:00,2313176.377
2026-06-23T19:00:00+00:00,2309208.587
2026-06-23T20:00:00+00:00,2307923.832
2026-06-23T21:00:00+00:00,2303498.661
2026-06-23T22:00:00+00:00,2300856.093
2026-06-23T23:00:00+00:00,2301593.234
2026-06-24T00:00:00+00:00,2303445.046
2026-06-24T01:00:00+00:00,2299732.472
2026-06-24T02:00:00+00:00,2298756.183
2026-06-24T03:00:00+00:00,2285101.253
2026-06-24T04:00:00+00:00,2282869.205
2026-06-24T05:00:00+00:00,2284595.611
2026-06-24T06:00:00+00:00,2282822.44
2026-06-24T07:00:00+00:00,2285185.127
2026-06-24T08:00:00+00:00,2289439.2
2026-06-24T09:00:00+00:00,2290881.609
2026-06-24T10:00:00+00:00,2289195.315
2026-06-24T11:00:00+00:00,2259374.922
2026-06-24T12:00:00+00:00,2263095.622
2026-06-24T13:00:00+00:00,2269324.156
2026-06-24T14:00:00+00:00,2282100.348
2026-06-24T15:00:00+00:00,2281050.477
2026-06-24T16:00:00+00:00,2324309.925
2026-06-24T17:00:00+00:00,2306059.115
2026-06-24T18:00:00+00:00,2311085.263
2026-06-24T19:00:00+00:00,2299502.484
2026-06-24T20:00:00+00:00,2276077.939
2026-06-24T21:00:00+00:00,2268150.11
2026-06-24T22:00:00+00:00,2270211.999
2026-06-24T23:00:00+00:00,2270244.735
2026-06-25T00:00:00+00:00,2267044.136
2026-06-25T01:00:00+00:00,2272799.174
2026-06-25T02:00:00+00:00,2274719.103
2026-06-25T03:00:00+00:00,2277672.708
2026-06-25T04:00:00+00:00,2265426.009
2026-06-25T05:00:00+00:00,2248666.422
2026-06-25T06:00:00+00:00,2249293.288
2026-06-25T07:00:00+00:00,2262208.497
2026-06-25T08:00:00+00:00,2257781.689
2026-06-25T09:00:00+00:00,2259341.328
2026-06-25T10:00:00+00:00,2255571.372
2026-06-25T11:00:00+00:00,2241980.828
2026-06-25T12:00:00+00:00,2228932.158
2026-06-25T13:00:00+00:00,2230456.313
2026-06-25T14:00:00+00:00,2263271.06
2026-06-25T15:00:00+00:00,2296299.553
2026-06-25T16:00:00+00:00,2288276.899
2026-06-25T17:00:00+00:00,2299061.255
2026-06-25T18:00:00+00:00,2308257.021
2026-06-25T19:00:00+00:00,2315733.343
2026-06-25T20:00:00+00:00,2311748.319
2026-06-25T21:00:00+00:00,2308631.855
2026-06-25T22:00:00+00:00,2306577.321
2026-06-25T23:00:00+00:00,2308143.178
2026-06-26T00:00:00+00:00,2311587.83
2026-06-26T01:00:00+00:00,2312168.891
2026-06-26T02:00:00+00:00,2330311.42
2026-06-26T03:00:00+00:00,2313189.758
2026-06-26T04:00:00+00:00,2318273.868
2026-06-26T05:00:00+00:00,2316682.06
2026-06-26T06:00:00+00:00,2298170.459
2026-06-26T07:00:00+00:00,2296432.062
2026-06-26T08:00:00+00:00,2298473.869
2026-06-26T09:00:00+00:00,2286829.167
2026-06-26T10:00:00+00:00,2303616.347
2026-06-26T11:00:00+00:00,2301748.421
2026-06-26T12:00:00+00:00,2300611.583
2026-06-26T13:00:00+00:00,2311848.92
2026-06-26T14:00:00+00:00,2308021.757
2026-06-26T15:00:00+00:00,2315478.928
2026-06-26T16:00:00+00:00,2314532.797
2026-06-26T17:00:00+00:00,2320873.875
2026-06-26T18:00:00+00:00,2314678.762
2026-06-26T19:00:00+00:00,2313877.491
2026-06-26T20:00:00+00:00,2304466.989
2026-06-26T21:00:00+00:00,2301359.749
2026-06-26T22:00:00+00:00,2305658.933
2026-06-26T23:00:00+00:00,2297826.318
2026-06-27T00:00:00+00:00,2297979.105
2026-06-27T01:00:00+00:00,2298644.491
2026-06-27T02:00:00+00:00,2305947.796
2026-06-27T03:00:00+00:00,2304447.627
2026-06-27T04:00:00+00:00,2303720.491
2026-06-27T05:00:00+00:00,2302379.478
2026-06-27T06:00:00+00:00,2307238.097
2026-06-27T07:00:00+00:00,2315250.575
2026-06-27T08:00:00+00:00,2319289.042
2026-06-27T09:00:00+00:00,2316325.719
2026-06-27T10:00:00+00:00,2320785.944
2026-06-27T11:00:00+00:00,2316406.008
2026-06-27T12:00:00+00:00,2322264.298
2026-06-27T13:00:00+00:00,2328635.527
2026-06-27T14:00:00+00:00,2332426.856
2026-06-27T15:00:00+00:00,2335778.704
2026-06-27T16:00:00+00:00,2340122.085
2026-06-27T17:00:00+00:00,2320961.936
2026-06-27T18:00:00+00:00,2321178.995
2026-06-27T19:00:00+00:00,2306199.729
2026-06-27T20:00:00+00:00,2304768.329
2026-06-27T21:00:00+00:00,2305576.351
2026-06-27T22:00:00+00:00,2295815.086
2026-06-27T23:00:00+00:00,2298774.58
2026-06-28T00:00:00+00:00,2302585.403
2026-06-28T01:00:00+00:00,2304281.803
2026-06-28T02:00:00+00:00,2305757.503
2026-06-28T03:00:00+00:00,2307821.145
2026-06-28T04:00:00+00:00,2307784.838
2026-06-28T05:00:00+00:00,2308311.695
2026-06-28T06:00:00+00:00,2305627.517
2026-06-28T07:00:00+00:00,2305252.886
2026-06-28T08:00:00+00:00,2303025.115
2026-06-28T09:00:00+00:00,2300070.334
2026-06-28T10:00:00+00:00,2296960.819
2026-06-28T11:00:00+00:00,2303664.54
2026-06-28T12:00:00+00:00,2309358.287
2026-06-28T13:00:00+00:00,2315225.872
2026-06-28T14:00:00+00:00,2320396.534
2026-06-28T15:00:00+00:00,2317340.258
2026-06-28T16:00:00+00:00,2319016.089
2026-06-28T17:00:00+00:00,2316891.298
2026-06-28T18:00:00+00:00,2318163.163
2026-06-28T19:00:00+00:00,2305153.798
2026-06-28T20:00:00+00:00,2309767.606
2026-06-28T21:00:00+00:00,2305487.65
2026-06-28T22:00:00+00:00,2297916.893
2026-06-28T23:00:00+00:00,2297561.73
2026-06-29T00:00:00+00:00,2294577.136
2026-06-29T01:00:00+00:00,2301101.246
2026-06-29T02:00:00+00:00,2317808.896
2026-06-29T03:00:00+00:00,2318733.915
2026-06-29T04:00:00+00:00,2317157.911
2026-06-29T05:00:00+00:00,2320803.677
2026-06-29T06:00:00+00:00,2330746.453
2026-06-29T07:00:00+00:00,2332318.552
2026-06-29T08:00:00+00:00,2327575.268
2026-06-29T09:00:00+00:00,2324406.228
2026-06-29T10:00:00+00:00,2329826.901
2026-06-29T11:00:00+00:00,2319863.621
2026-06-29T12:00:00+00:00,2320453.147
2026-06-29T13:00:00+00:00,2313201.246
2026-06-29T14:00:00+00:00,2317619.819
2026-06-29T15:00:00+00:00,2306118.148
2026-06-29T16:00:00+00:00,2329183.726
2026-06-29T17:00:00+00:00,2327192.293
2026-06-29T18:00:00+00:00,2317982.369
2026-06-29T19:00:00+00:00,2311547.235
2026-06-29T20:00:00+00:00,2298409.91
2026-06-29T21:00:00+00:00,2275789.456
2026-06-29T22:00:00+00:00,2274004.88
2026-06-29T23:00:00+00:00,2269689.065
2026-06-30T00:00:00+00:00,2259276.853
2026-06-30T01:00:00+00:00,2270275.869
2026-06-30T02:00:00+00:00,2270630.685
2026-06-30T03:00:00+00:00,2273742.026
2026-06-30T04:00:00+00:00,2270717.74
2026-06-30T05:00:00+00:00,2270933.412
2026-06-30T06:00:00+00:00,2281785.761
2026-06-30T07:00:00+00:00,2281461.898
2026-06-30T08:00:00+00:00,2277911.8
2026-06-30T09:00:00+00:00,2282935.797
2026-06-30T10:00:00+00:00,2286094.016
2026-06-30T11:00:00+00:00,2281830.738
2026-06-30T12:00:00+00:00,2263559.339
2026-06-30T13:00:00+00:00,2281726.481
2026-06-30T14:00:00+00:00,2282117.438
2026-06-30T15:00:00+00:00,2293874.25
2026-06-30T16:00:00+00:00,2299914.413
2026-06-30T17:00:00+00:00,2294047.838
2026-06-30T18:00:00+00:00,2286091.43
2026-06-30T19:00:00+00:00,2287221.026
2026-06-30T20:00:00+00:00,2286862.686
2026-06-30T21:00:00+00:00,2281961.792
2026-06-30T22:00:00+00:00,2279856.754
2026-06-30T23:00:00+00:00,2279228.833
2026-07-01T00:00:00+00:00,2284921.074
2026-07-01T01:00:00+00:00,2284890.624
2026-07-01T02:00:00+00:00,2294552.06
2026-07-01T03:00:00+00:00,2289991.421
2026-07-01T04:00:00+00:00,2288338.768
2026-07-01T05:00:00+00:00,2286197.21
2026-07-01T06:00:00+00:00,2259883.176
2026-07-01T07:00:00+00:00,2272933.876
2026-07-01T08:00:00+00:00,2269804.914
2026-07-01T09:00:00+00:00,2274010.152
2026-07-01T10:00:00+00:00,2275526.829
2026-07-01T11:00:00+00:00,2276179.938
2026-07-01T12:00:00+00:00,2282761.29
2026-07-01T13:00:00+00:00,2304725.278
2026-07-01T14:00:00+00:00,2307536.386
2026-07-01T15:00:00+00:00,2312093.072
2026-07-01T16:00:00+00:00,2306095.214
2026-07-01T17:00:00+00:00,2297819.739
2026-07-01T18:00:00+00:00,2298919.154
2026-07-01T19:00:00+00:00,2294342.788
2026-07-01T20:00:00+00:00,2285177.292
2026-07-01T21:00:00+00:00,2289525.658
2026-07-01T22:00:00+00:00,2281998.84
2026-07-01T23:00:00+00:00,2278363.89
2026-07-02T00:00:00+00:00,2265281.565
2026-07-02T01:00:00+00:00,2273924.404
2026-07-02T02:00:00+00:00,2273855.122
2026-07-02T03:00:00+00:00,2272749.376
2026-07-02T04:00:00+00:00,2274218.014
2026-07-02T05:00:00+00:00,2273927.198
2026-07-02T06:00:00+00:00,2263614.204
2026-07-02T07:00:00+00:00,2270843.52
2026-07-02T08:00:00+00:00,2273178.821
2026-07-02T09:00:00+00:00,2293215.7
2026-07-02T10:00:00+00:00,2281261.48
2026-07-02T11:00:00+00:00,2288764.888
2026-07-02T12:00:00+00:00,2302651.699
2026-07-02T13:00:00+00:00,2345593.103
2026-07-02T14:00:00+00:00,2369271.391
2026-07-02T15:00:00+00:00,2369097.003
2026-07-02T16:00:00+00:00,2369031.269
2026-07-02T17:00:00+00:00,2364443.389
2026-07-02T18:00:00+00:00,2365324.241
2026-07-02T19:00:00+00:00,2361692.269
2026-07-02T20:00:00+00:00,2361013.167
2026-07-02T21:00:00+00:00,2350495.402
2026-07-02T22:00:00+00:00,2346878.753
2026-07-02T23:00:00+00:00,2349321.937
2026-07-03T00:00:00+00:00,2351436.674
2026-07-03T01:00:00+00:00,2347852.613
2026-07-03T02:00:00+00:00,2345327.168
2026-07-03T03:00:00+00:00,2350713.965
2026-07-03T04:00:00+00:00,2350681.406
2026-07-03T05:00:00+00:00,2356157.084
2026-07-03T06:00:00+00:00,2358497.307
2026-07-03T07:00:00+00:00,2362966.283
2026-07-03T08:00:00+00:00,2353822.956
2026-07-03T09:00:00+00:00,2364435.705
2026-07-03T10:00:00+00:00,2364502.408
2026-07-03T11:00:00+00:00,2366400.79
2026-07-03T12:00:00+00:00,2365765.853
2026-07-03T13:00:00+00:00,2365413.997
2026-07-03T14:00:00+00:00,2362751.722
2026-07-03T15:00:00+00:00,2377011.78
2026-07-03T16:00:00+00:00,2374857.677
2026-07-03T17:00:00+00:00,2355554.719
2026-07-03T18:00:00+00:00,2353828.349
2026-07-03T19:00:00+00:00,2321036.528
2026-07-03T20:00:00+00:00,2302329.706
2026-07-03T21:00:00+00:00,2296936.322
2026-07-03T22:00:00+00:00,2300400.342
2026-07-03T23:00:00+00:00,2303603.732
2026-07-04T00:00:00+00:00,2309009.524
2026-07-04T01:00:00+00:00,2309908.792
2026-07-04T02:00:00+00:00,2313566.239
2026-07-04T03:00:00+00:00,2322792.373
2026-07-04T04:00:00+00:00,2325979.184
2026-07-04T05:00:00+00:00,2326062.438
2026-07-04T06:00:00+00:00,2326894.905
2026-07-04T07:00:00+00:00,2326211.829
2026-07-04T08:00:00+00:00,2329999.437
2026-07-04T09:00:00+00:00,2331858.228
2026-07-04T10:00:00+00:00,2337004.776
2026-07-04T11:00:00+00:00,2335995.051
2026-07-04T12:00:00+00:00,2338366.516
2026-07-04T13:00:00+00:00,2335368.542
2026-07-04T14:00:00+00:00,2344266.504
2026-07-04T15:00:00+00:00,2347132.155
2026-07-04T16:00:00+00:00,2343451.685
2026-07-04T17:00:00+00:00,2329429.967
2026-07-04T18:00:00+00:00,2331033.077
2026-07-04T19:00:00+00:00,2326293.235
2026-07-04T20:00:00+00:00,2321589.673
2026-07-04T21:00:00+00:00,2314728.349
2026-07-04T22:00:00+00:00,2313268.873
2026-07-04T23:00:00+00:00,2301021.012
2026-07-05T00:00:00+00:00,2299009.894
2026-07-05T01:00:00+00:00,2303001.21
2026-07-05T02:00:00+00:00,2297429.485
2026-07-05T03:00:00+00:00,2297215.344
2026-07-05T04:00:00+00:00,2304484.059
2026-07-05T05:00:00+00:00,2302425.157
2026-07-05T06:00:00+00:00,2306750.978
2026-07-05T07:00:00+00:00,2310905.703
2026-07-05T08:00:00+00:00,2311345.072
2026-07-05T09:00:00+00:00,2294997.147
2026-07-05T10:00:00+00:00,2302676.424
2026-07-05T11:00:00+00:00,2309845.186
2026-07-05T12:00:00+00:00,2315214.177
2026-07-05T13:00:00+00:00,2319411.618
2026-07-05T14:00:00+00:00,2320567.722
2026-07-05T15:00:00+00:00,2329529.108
2026-07-05T16:00:00+00:00,2334005.244
2026-07-05T17:00:00+00:00,2338024.871
2026-07-05T18:00:00+00:00,2338368.68
2026-07-05T19:00:00+00:00,2337338.537
2026-07-05T20:00:00+00:00,2333339.915
2026-07-05T21:00:00+00:00,2320262.37
2026-07-05T22:00:00+00:00,2327239.805
2026-07-05T23:00:00+00:00,2333567.695
2026-07-06T00:00:00+00:00,2328662.438
2026-07-06T01:00:00+00:00,2333056.82
2026-07-06T02:00:00+00:00,2337949.841
2026-07-06T03:00:00+00:00,2337956.045
2026-07-06T04:00:00+00:00,2333834.255
2026-07-06T05:00:00+00:00,2333431.09
2026-07-06T06:00:00+00:00,2336325.095
2026-07-06T07:00:00+00:00,2338508.786
2026-07-06T08:00:00+00:00,2340374.363
2026-07-06T09:00:00+00:00,2338725.561
2026-07-06T10:00:00+00:00,2335288.95
2026-07-06T11:00:00+00:00,2335290.663
2026-07-06T12:00:00+00:00,2318431.101
2026-07-06T13:00:00+00:00,2310825.062
2026-07-06T14:00:00+00:00,2311762.864
2026-07-06T15:00:00+00:00,2326975.945
2026-07-06T16:00:00+00:00,2318251.004
2026-07-06T17:00:00+00:00,2314953.811
2026-07-06T18:00:00+00:00,2322452.96
2026-07-06T19:00:00+00:00,2324674.981
2026-07-06T20:00:00+00:00,2328394.553
2026-07-06T21:00:00+00:00,2313128.964
2026-07-06T22:00:00+00:00,2304738.922
2026-07-06T23:00:00+00:00,2302262.921
2026-07-07T00:00:00+00:00,2306294.328
2026-07-07T01:00:00+00:00,2292260.613
2026-07-07T02:00:00+00:00,2275189.057
2026-07-07T03:00:00+00:00,2260188.236
2026-07-07T04:00:00+00:00,2263733.542
2026-07-07T05:00:00+00:00,2259518.531
2026-07-07T06:00:00+00:00,2264894.832
2026-07-07T07:00:00+00:00,2258731.063
2026-07-07T08:00:00+00:00,2258469.075
2026-07-07T09:00:00+00:00,2269139.127
2026-07-07T10:00:00+00:00,2269997.067
2026-07-07T11:00:00+00:00,2269941.606
2026-07-07T12:00:00+00:00,2272908.222
2026-07-07T13:00:00+00:00,2281813.167
2026-07-07T14:00:00+00:00,2272962.952
2026-07-07T15:00:00+00:00,2273771.153
2026-07-07T16:00:00+00:00,2277368.846
2026-07-07T17:00:00+00:00,2278911.768
2026-07-07T18:00:00+00:00,2260422.936
2026-07-07T19:00:00+00:00,2241151.556
2026-07-07T20:00:00+00:00,2239934.048
2026-07-07T21:00:00+00:00,2227052.37
2026-07-07T22:00:00+00:00,2223153.073
2026-07-07T23:00:00+00:00,2222591.24
2026-07-08T00:00:00+00:00,2220956.02
2026-07-08T01:00:00+00:00,2240388.882
2026-07-08T02:00:00+00:00,2237366.263
2026-07-08T03:00:00+00:00,2246167.38
2026-07-08T04:00:00+00:00,2247735.266
2026-07-08T05:00:00+00:00,2252975.276
2026-07-08T06:00:00+00:00,2252571.974
2026-07-08T07:00:00+00:00,2259566.649
2026-07-08T08:00:00+00:00,2225445.611
2026-07-08T09:00:00+00:00,2226848.284
2026-07-08T10:00:00+00:00,2233245.65
2026-07-08T11:00:00+00:00,2252696.696
2026-07-08T12:00:00+00:00,2243037.394
2026-07-08T13:00:00+00:00,2239620.328
2026-07-08T14:00:00+00:00,2229491.173
2026-07-08T15:00:00+00:00,2238006.237
2026-07-08T16:00:00+00:00,2239147.025
2026-07-08T17:00:00+00:00,2230660.082
2026-07-08T18:00:00+00:00,2229789.301
2026-07-08T19:00:00+00:00,2223761.214
2026-07-08T20:00:00+00:00,2221488.102
2026-07-08T21:00:00+00:00,2217926.679
2026-07-08T22:00:00+00:00,2221518.832
2026-07-08T23:00:00+00:00,2220504.549
2026-07-09T00:00:00+00:00,2222792.312
2026-07-09T01:00:00+00:00,2213482.741
2026-07-09T02:00:00+00:00,2214945.148
2026-07-09T03:00:00+00:00,2219242.816
2026-07-09T04:00:00+00:00,2221762.947
2026-07-09T05:00:00+00:00,2223195.371
2026-07-09T06:00:00+00:00,2231767.408
2026-07-09T07:00:00+00:00,2238127.501
2026-07-09T08:00:00+00:00,2240484.773
2026-07-09T09:00:00+00:00,2242451.157
2026-07-09T10:00:00+00:00,2235930.088
2026-07-09T11:00:00+00:00,2236238.16
2026-07-09T12:00:00+00:00,2233585.318
2026-07-09T13:00:00+00:00,2239342.074
2026-07-09T14:00:00+00:00,2245718.174
2026-07-09T15:00:00+00:00,2242536.912
2026-07-09T16:00:00+00:00,2238314.143
2026-07-09T17:00:00+00:00,2250114.681
2026-07-09T18:00:00+00:00,2251406.434
2026-07-09T19:00:00+00:00,2247519.94
2026-07-09T20:00:00+00:00,2241373.752
2026-07-09T21:00:00+00:00,2237622.978
2026-07-09T22:00:00+00:00,2241886.407
2026-07-09T23:00:00+00:00,2240146.411
2026-07-10T00:00:00+00:00,2237044.485
2026-07-10T01:00:00+00:00,2230544.194
2026-07-10T02:00:00+00:00,2246113.037
2026-07-10T03:00:00+00:00,2252111.162
2026-07-10T04:00:00+00:00,2259455.312
2026-07-10T05:00:00+00:00,2263033.998
2026-07-10T06:00:00+00:00,2250418.816
2026-07-10T07:00:00+00:00,2245060.24
2026-07-10T08:00:00+00:00,2243207.319
2026-07-10T09:00:00+00:00,2255956.265
2026-07-10T10:00:00+00:00,2261257.204
2026-07-10T11:00:00+00:00,2274532.352
2026-07-10T12:00:00+00:00,2279956.346
2026-07-10T13:00:00+00:00,2289801.466
2026-07-10T14:00:00+00:00,2267550.356
2026-07-10T15:00:00+00:00,2263451.237
2026-07-10T16:00:00+00:00,2268469.732
2026-07-10T17:00:00+00:00,2271184.728
2026-07-10T18:00:00+00:00,2264079.252
2026-07-10T19:00:00+00:00,2273630.436
2026-07-10T20:00:00+00:00,2274501.884
2026-07-10T21:00:00+00:00,2273023.604
2026-07-10T22:00:00+00:00,2272928.068
2026-07-10T23:00:00+00:00,2278689.44
2026-07-11T00:00:00+00:00,2275219.59
2026-07-11T01:00:00+00:00,2270820.104
2026-07-11T02:00:00+00:00,2271322.424
2026-07-11T03:00:00+00:00,2276119.676
2026-07-11T04:00:00+00:00,2278637.978
2026-07-11T05:00:00+00:00,2283434.943
2026-07-11T06:00:00+00:00,2283524.4
2026-07-11T07:00:00+00:00,2286438.118
2026-07-11T08:00:00+00:00,2289692.904
2026-07-11T09:00:00+00:00,2287291.526
2026-07-11T10:00:00+00:00,2292026.65
2026-07-11T11:00:00+00:00,2295410.375
2026-07-11T12:00:00+00:00,2297446.174
2026-07-11T13:00:00+00:00,2302199.726
2026-07-11T14:00:00+00:00,2313341.494
2026-07-11T15:00:00+00:00,2323818.886
2026-07-11T16:00:00+00:00,2328465.887
2026-07-11T17:00:00+00:00,2337917.239
2026-07-11T18:00:00+00:00,2337303.449
2026-07-11T19:00:00+00:00,2332855.094
2026-07-11T20:00:00+00:00,2332975.754
2026-07-11T21:00:00+00:00,2330983.504
2026-07-11T22:00:00+00:00,2340421.391
2026-07-11T23:00:00+00:00,2313037.733
2026-07-12T00:00:00+00:00,2297454.751
2026-07-12T01:00:00+00:00,2289241.242
2026-07-12T02:00:00+00:00,2293187.173
2026-07-12T03:00:00+00:00,2296585.099
2026-07-12T04:00:00+00:00,2297335.872
2026-07-12T05:00:00+00:00,2298039.254
2026-07-12T06:00:00+00:00,2291963.326
2026-07-12T07:00:00+00:00,2290420.8
2026-07-12T08:00:00+00:00,2288864.489
2026-07-12T09:00:00+00:00,2285330.241
2026-07-12T10:00:00+00:00,2290290.493
2026-07-12T11:00:00+00:00,2297793.755
2026-07-12T12:00:00+00:00,2300538.925
2026-07-12T13:00:00+00:00,2301823.095
2026-07-12T14:00:00+00:00,2297446.538
2026-07-12T15:00:00+00:00,2320527.092
2026-07-12T16:00:00+00:00,2319836.511
2026-07-12T17:00:00+00:00,2320118.556
2026-07-12T18:00:00+00:00,2322413.571
2026-07-12T19:00:00+00:00,2323210.506
2026-07-12T20:00:00+00:00,2322229.662
2026-07-12T21:00:00+00:00,2316184.592
2026-07-12T22:00:00+00:00,2302684.979
2026-07-12T23:00:00+00:00,2299823.624
2026-07-13T00:00:00+00:00,2297688.68
2026-07-13T01:00:00+00:00,2297090.133
2026-07-13T02:00:00+00:00,2305068.415
2026-07-13T03:00:00+00:00,2271903.023
2026-07-13T04:00:00+00:00,2274927.356
2026-07-13T05:00:00+00:00,2266107.863
2026-07-13T06:00:00+00:00,2265473.835
2026-07-13T07:00:00+00:00,2249634.443
2026-07-13T08:00:00+00:00,2252506.246
2026-07-13T09:00:00+00:00,2254056.628
2026-07-13T10:00:00+00:00,2256142.239
2026-07-13T11:00:00+00:00,2254614.807
2026-07-13T12:00:00+00:00,2246104.63
2026-07-13T13:00:00+00:00,2249686.866
2026-07-13T14:00:00+00:00,2237170.342
2026-07-13T15:00:00+00:00,2230830.795
2026-07-13T16:00:00+00:00,2227839.923
2026-07-13T17:00:00+00:00,2234373.583
2026-07-13T18:00:00+00:00,2227013.928
2026-07-13T19:00:00+00:00,2225511.668
2026-07-13T20:00:00+00:00,2219727.439
2026-07-13T21:00:00+00:00,2212065.045
2026-07-13T22:00:00+00:00,2216683.205
2026-07-13T23:00:00+00:00,2250277.759
2026-07-14T00:00:00+00:00,2249717.274
2026-07-14T01:00:00+00:00,2252702.588
2026-07-14T02:00:00+00:00,2249820.331
2026-07-14T03:00:00+00:00,2250750.355
2026-07-14T04:00:00+00:00,2246495.179
2026-07-14T05:00:00+00:00,2244023.759
2026-07-14T06:00:00+00:00,2246095.765
2026-07-14T07:00:00+00:00,2246935.342
2026-07-14T08:00:00+00:00,2248278.48
2026-07-14T09:00:00+00:00,2251027.448
2026-07-14T10:00:00+00:00,2292831.211
2026-07-14T11:00:00+00:00,2304664.911
2026-07-14T12:00:00+00:00,2344361.432
2026-07-14T13:00:00+00:00,2394473.473
2026-07-14T14:00:00+00:00,2442169.517
2026-07-14T15:00:00+00:00,2474021.392
2026-07-14T16:00:00+00:00,2470353.072
2026-07-14T17:00:00+00:00,2464749.504
2026-07-14T18:00:00+00:00,2468549.805
2026-07-14T19:00:00+00:00,2462559.68
2026-07-14T20:00:00+00:00,2464458.408
2026-07-14T21:00:00+00:00,2461901.569
2026-07-14T22:00:00+00:00,2458821.603
2026-07-14T23:00:00+00:00,2455190.254
2026-07-15T00:00:00+00:00,2450789.923
2026-07-15T01:00:00+00:00,2458191.578
2026-07-15T02:00:00+00:00,2458490.506
2026-07-15T03:00:00+00:00,2446791.989
2026-07-15T04:00:00+00:00,2444616.936
2026-07-15T05:00:00+00:00,2444488.987
2026-07-15T06:00:00+00:00,2454940.94
2026-07-15T07:00:00+00:00,2430606.311
2026-07-15T08:00:00+00:00,2425925.26
2026-07-15T09:00:00+00:00,2431050.398
2026-07-15T10:00:00+00:00,2433828.631
2026-07-15T11:00:00+00:00,2429158.246
2026-07-15T12:00:00+00:00,2440739.936
2026-07-15T13:00:00+00:00,2460176.795
2026-07-15T14:00:00+00:00,2462493.949
2026-07-15T15:00:00+00:00,2461686.954
2026-07-15T16:00:00+00:00,2431843.511
2026-07-15T17:00:00+00:00,2435243.095
2026-07-15T18:00:00+00:00,2431221.085
2026-07-15T19:00:00+00:00,2421912.655
2026-07-15T20:00:00+00:00,2412911.726
2026-07-15T21:00:00+00:00,2410973.508
2026-07-15T22:00:00+00:00,2407071.173
2026-07-15T23:00:00+00:00,2399858.965
2026-07-16T00:00:00+00:00,2397095.157
